B,C,D,G,K,M,P,S,W,
v_1 ,v_1 ,v_1 ,v_1 ,v_1 ,v_1 ,v_1 ,v_1 ,v_1 ,
,nun ,,der ,,,,,,
,hoeret ,armer ,armen ,,,,,,
,ir ,,,ir ,ir ,ir ,ir ,ir ,
,werlt ,werlt ,werlt ,werlt ,werlt ,werlt ,werlt ,werlt ,
,minner ,minnaere ,minnaere ,minnaere ,minnaere ,minnaere ,minnaere ,minnaere ,
v_2 ,v_2 ,v_2 ,v_2 ,v_2 ,v_2 ,v_2 ,v_2 ,v_2 ,
,und ,vernement ,,,,,vernement ,,
,vernemet ,wol ,vernemen ,vernemet ,vernemet ,vernemet ,,vernemet ,
,dise ,dise ,dise ,dise ,dise ,dise ,dise ,dise ,
,maere ,maere ,maere ,maere ,maere ,maere ,maere ,maere ,
v_3 ,v_3 ,v_3 ,v_3 ,v_3 ,v_3 ,v_3 ,v_3 ,v_3 ,
,wie ,wie ,wie ,wie ,wie ,wie ,wie ,wie ,
,einem ,einem ,einem ,einem ,einem ,einem ,einem ,einem ,
,ritter ,ritter ,ritter ,ritter ,ritter ,ritter ,ritter ,ritter ,
,gelanc ,gelanc ,gelanc ,gelanc ,gelanc ,gelanc ,gelanc ,gelanc ,
v_4 ,v_4 ,v_4 ,v_4 ,v_4 ,v_4 ,v_4 ,v_4 ,v_4 ,
,der ,der ,der ,der ,der ,der ,der ,der ,
,nach ,nach ,nach ,nach ,nach ,nach ,nach ,nach ,
,der ,der ,der ,der ,der ,der ,der ,der ,
,werlt ,werlt ,werlt ,werlt ,werlt ,werlt ,werlt ,werlt ,
,lôn ,lobe ,lôn ,lôn ,lôn ,lôn ,lôn ,lôn ,
,,,,,,,,ie ,
,,,ie ,ie ,,ie ,,ie ,
,ranc ,ranc ,ranc ,ranc ,ranc ,ranc ,ranc ,ranc ,
v_5 ,v_5 ,v_5 ,v_5 ,v_5 ,v_5 ,v_5 ,v_5 ,v_5 ,
,beide ,beide ,beide ,beide ,beide ,beide ,beide ,beide ,
,spât ,spât ,spât ,spât ,spât ,spât ,spât ,spât ,
,und ,und ,und ,und ,und ,und ,und ,und ,
,vruo ,vruo ,vruo ,vruo ,vruo ,vruo ,vruo ,vruo ,
v_6 ,v_6 ,v_6 ,v_6 ,v_6 ,v_6 ,v_6 ,v_6 ,v_6 ,
,er ,er ,er ,er ,er ,er ,er ,er ,
,gedachte ,dahte ,gedahte ,gedahte ,dahte ,gedahte ,gedahte ,gedahte ,
,im ,in ,in ,in ,in ,in ,im ,im ,
,manigerlei ,alle ,maniger ,manigen ,manige ,manigen ,manigen ,manigen ,
,,wîz ,wîz ,wîz ,wîz ,wîz ,sîn ,wîz ,
,darzuo ,darzuo ,darzuo ,darzuo ,darzuo ,darzuo ,darzuo ,darzuo ,
v_7 ,v_7 ,v_7 ,v_7 ,v_7 ,v_7 ,v_7 ,v_7 ,v_7 ,
,womit ,womit ,wie ,wie ,womit ,wie ,womit ,wie ,
,er ,er ,er ,er ,er ,er ,er ,er ,
,nun ,daz ,daz ,daz ,daz ,daz ,daz ,daz ,
,begienc ,begienc ,begienge ,begienge ,begienge ,begienge ,gevienc ,begienge ,
v_8 ,v_8 ,v_8 ,v_8 ,v_8 ,v_8 ,v_8 ,v_8 ,v_8 ,
,daz ,daz ,daz ,daz ,daz ,daz ,damit ,daz ,
,er ,er ,er ,er ,er ,er ,er ,er ,
,den ,den ,den ,den ,den ,den ,den ,den ,
,lôn ,lôn ,lôn ,lôn ,lôn ,lôn ,lôn ,lôn ,
,entvienc ,entvienc ,entvienge ,entvienge ,entvienge ,entvienge ,entvienc ,entvienge ,
v_9 ,v_9 ,v_9 ,v_9 ,v_9 ,v_9 ,v_9 ,v_9 ,v_9 ,
,werltlicher ,weltlicher ,wertlicher ,werltlicher ,werltlicher ,wertlicher ,werltlicher ,werltlicher ,
,eren ,eren ,eren ,eren ,eren ,eren ,ere ,eren ,
v_10 ,v_10 ,v_10 ,v_10 ,v_10 ,v_10 ,v_10 ,v_10 ,v_10 ,
,er ,er ,die ,die ,er ,die ,er ,die ,
,konte ,konte ,konte ,konte ,konte ,konte ,konte ,konte ,
,,,er ,er ,,er ,,er ,
,wol ,wol ,wol ,wol ,wol ,wol ,wol ,wol ,
,gemêren ,gemêren ,gemêren ,gemêren ,gemêren ,gemêren ,gemêre ,gemêren ,
,,,,v_12 ,,v_12 ,,v_12 ,
,,,,mit ,,mit ,,mit ,
,,,,werken ,,werken ,,werken ,
,,,,und ,,und ,,und ,
,,,,mit ,,mit ,,mit ,
,,,,worten ,,worten ,,worten ,
v_11 ,v_11 ,v_11 ,v_11 ,v_11 ,v_11 ,v_11 ,v_11 ,v_11 ,
,sîn ,sîn ,sîn ,sîn ,sîn ,sîn ,sîn ,sîn ,
,lop ,lop ,lop ,lop ,lop ,lop ,lop ,lop ,
,schoene ,,,,,,,,
,in ,an ,an ,an ,an ,an ,an ,ob ,
,allen ,allen ,allen ,allen ,allen ,allen ,allen ,allen ,
,orten ,orten ,eren ,orten ,orten ,orten ,orten ,orten ,
v_12 ,v_12 ,v_12 ,v_12 ,,v_12 ,,v_12 ,,
,mit ,und ,mit ,,mit ,,mit ,,
,werken ,werken ,werken ,,werken ,,werken ,,
,und ,und ,und ,,und ,,und ,,
,mit ,,mit ,,mit ,,mit ,,
,worten ,worten ,worten ,,worten ,,worten ,,
v_13 ,v_13 ,v_13 ,v_13 ,v_13 ,v_13 ,v_13 ,v_13 ,v_13 ,
,,,waz ,,,,,,
,sîn ,sîn ,sîn ,sîn ,sîn ,sîn ,sîn ,sîn ,
,leben ,leben ,lop ,leben ,leb ,leben ,leben ,leben ,
,waz ,waz ,,waz ,waz ,waz ,waz ,waz ,
,sô ,sô ,,sô ,sô ,sô ,sô ,sô ,
,volbrâht ,volbrâht ,volbrâht ,vollenbraht ,volbraht ,volbrâht ,volbrâht ,volbrâht ,
v_14 ,v_14 ,v_14 ,v_14 ,v_14 ,v_14 ,v_14 ,v_14 ,v_14 ,
,daz ,daz ,daz ,daz ,daz ,daz ,daz ,daz ,
,sîn ,sîn ,sîn ,sîn ,sîn ,sîn ,sîn ,sîn ,
,zuo ,zuo ,zuo ,zuo ,zuo ,zuo ,zuo ,zuo ,
,dem ,dem ,dem ,dem ,dem ,dem ,dem ,dem ,
,besten ,besten ,besten ,besten ,besten ,besten ,besten ,besten ,
,wart ,wart ,wart ,wart ,wart ,wart ,wart ,wart ,
,gedaht ,gedaht ,gedaht ,gedaht ,gedaht ,gedaht ,gedaht ,gedaht ,
v_15 ,v_15 ,v_15 ,v_15 ,v_15 ,v_15 ,v_15 ,v_15 ,v_15 ,
,in ,in ,in ,in ,in ,in ,in ,in ,
,allen ,allen ,allen ,allen ,allen ,allen ,allen ,allen ,
,diutschen ,diutschen ,diutschen ,diutschen ,diutschen ,diutschen ,diutschen ,diutschen ,
,landen ,landen ,lande ,landen ,landen ,landen ,landen ,landen ,
v_16 ,v_16 ,v_16 ,v_16 ,v_16 ,v_16 ,v_16 ,v_16 ,v_16 ,
,,,hette ,hette ,,hette ,,hette ,
,er ,er ,er ,er ,er ,er ,er ,er ,
,hette ,hat ,,,hette ,,hette ,,
,sich ,sich ,sich ,sich ,sich ,sich ,sich ,sich ,
,vor ,vor ,vor ,vor ,vor ,vor ,vor ,vor ,
,schanden ,schanden ,schande ,schanden ,schanden ,schanden ,schanden ,schanden ,
v_17 ,v_17 ,v_17 ,v_17 ,v_17 ,v_17 ,v_17 ,v_17 ,v_17 ,
,alle ,alle ,alle ,alle ,alle ,alle ,alle ,alle ,
,sîn ,sîne ,sîne ,sîne ,sîne ,sîne ,sîne ,sîn ,
,jâr ,jâr ,jâre ,jâr ,jâr ,jâr ,jâr ,jâr ,
,behuot ,behuot ,behuot ,behuot ,behuot ,behuot ,behuot ,behuot ,
v_18 ,v_18 ,v_18 ,v_18 ,v_18 ,v_18 ,v_18 ,v_18 ,v_18 ,
,er ,er ,er ,er ,er ,er ,er ,er ,
,waz ,war ,waz ,waz ,waz ,waz ,waz ,waz ,
,,,kunt ,,,,,,
,hövesch ,hövesch ,biderb ,biderbe ,hövesch ,biderb ,hövesch ,biderb ,
,und ,und ,und ,und ,und ,und ,und ,und ,
,guot ,,guot ,guot ,guot ,guot ,guot ,guot ,
,,vruot ,,,vruot ,,,,
,,v_20 ,,,,,,,
,,womit ,,,,,,,
,,man ,,,,,,,
,,zuo ,,,,,,,
,,rehte ,,,,,,,
,,sol ,,,,,,,
v_19 ,v_19 ,v_19 ,v_19 ,v_19 ,v_19 ,v_19 ,v_19 ,v_19 ,
,schoen ,schoen ,schoen ,schoen ,schoen ,schoen ,schoen ,schoen ,
,und ,und ,und ,und ,und ,und ,und ,und ,
,aller ,aller ,aller ,aller ,aller ,aller ,allen ,aller ,
,tugent ,tugent ,tugenden ,tugende ,tugenden ,tugende ,tugende ,tugent ,
,vol ,vol ,vol ,vol ,vol ,vol ,vol ,vol ,
v_20 ,v_20 ,,v_20 ,v_20 ,v_20 ,v_20 ,v_20 ,v_20 ,
,,,womit ,swamit ,swamit ,swamit ,swamit ,swamit ,
,wo ,,ein ,ein ,ein ,ein ,er ,er ,
,man ,,man ,man ,man ,man ,,,
,mit ,,,,,,,,
,zuo ,,zuo ,zuo ,zuo ,zu ,zuo ,zuo ,
,der ,,der ,der ,der ,der ,der ,der ,
,werlt ,,werlt ,werlt ,werlt ,werlt ,werlt ,werlt ,
,sol ,,sol ,sol ,sol ,sol ,sol ,sol ,
v_21 ,v_21 ,v_21 ,v_21 ,v_21 ,v_21 ,v_21 ,v_21 ,v_21 ,
,bejagen ,bejagen ,bejagen ,bejagen ,bejagen ,bejagen ,gejagen ,bejagen ,
,hôher ,hôher ,hôher ,hôher ,hôher ,hôher ,hôher ,hôher ,
,wirden ,eren ,wirde ,wirde ,wirde ,wirde ,wirde ,wirde ,
,prîs ,prîs ,prîs ,prîs ,prîs ,prîs ,prîs ,prîs ,
v_22 ,v_22 ,v_22 ,v_22 ,v_22 ,v_22 ,v_22 ,v_22 ,v_22 ,
,daz ,daz ,daz ,daz ,daz ,daz ,daz ,daz ,
,kunde ,kunde ,kunde ,kunde ,kunde ,kunde ,kunde ,kunde ,
,,,,,,,er ,,
,wol ,wol ,wol ,wol ,wol ,wol ,wol ,wol ,
,der ,der ,der ,der ,der ,der ,der ,der ,
,herre ,ritter ,herre ,herre ,herre ,herre ,herre ,herre ,
,wîz ,wîz ,wîz ,wîz ,wîz ,wîz ,wîz ,wîz ,
v_23 ,v_23 ,v_23 ,v_23 ,v_23 ,v_23 ,v_23 ,v_23 ,v_23 ,
,bedenken ,bedenken ,berihten ,bedenken ,bedenken ,bedenken ,,bedenken ,
,und ,und ,und ,und ,und ,und ,,und ,
,betrahten ,betrahten ,betrahten ,betrahten ,betrahten ,betrahten ,,betrahten ,
v_24 ,v_24 ,v_24 ,v_24 ,v_24 ,v_24 ,v_24 ,v_24 ,v_24 ,
,man ,man ,man ,man ,man ,man ,,man ,
,sach ,sach ,sach ,sach ,sach ,sach ,,sach ,
,den ,den ,den ,den ,den ,den ,,den ,
,,vil ,wol ,vil ,vil ,vil ,,vil ,
,geslahten ,geslahten ,geslahten ,geslachten ,geslahten ,geslahten ,,geslachten ,
v_25 ,v_25 ,v_25 ,v_25 ,v_25 ,v_25 ,v_25 ,v_25 ,v_25 ,
,ûzerwelt ,ûzerwelt ,ûzerwelte ,ûzerwelte ,ûzerwelte ,ûzerwelte ,,ûzerwelte ,
,kleider ,kleider ,kleider ,kleider ,kleider ,kleider ,,kleider ,
,tragen ,tragen ,tragen ,tragen ,tragen ,tragen ,,tragen ,
v_26 ,v_26 ,v_26 ,v_26 ,v_26 ,v_26 ,v_26 ,v_26 ,v_26 ,
,birsen ,birsen ,birsen ,hirsen ,birsen ,hirsen ,,hierzen ,
,beizen ,beizen ,beizen ,beizen ,beizen ,beizen ,,beizen ,
,und ,und ,und ,und ,und ,und ,,und ,
,jagen ,jagen ,jagen ,jagen ,jagen ,jagen ,,jagen ,
v_27 ,v_27 ,v_27 ,v_27 ,v_27 ,v_27 ,v_27 ,v_27 ,v_27 ,
,daz ,,,,,,,,
,kunde ,kunde ,kunde ,kunde ,kunde ,kunde ,,kunde ,
,er ,er ,er ,er ,er ,er ,,er ,
,wol ,wol ,wol ,wol ,,wol ,,wol ,
,und ,und ,und ,und ,und ,unde ,,und ,
,trîbt ,trîbt ,trîbt ,trîbt ,trîbt ,trîbt ,,trîbt ,
,sîn ,sîn ,sîn ,sîn ,sîn ,sîn ,,sîn ,
,vil ,vil ,vil ,vil ,vil ,vil ,,vil ,
v_28 ,v_28 ,v_28 ,v_28 ,v_28 ,v_28 ,v_28 ,v_28 ,v_28 ,
,schâchzabel ,schâchzabel ,schâchzabel ,schachtzabel ,schâchzabel ,schâchzabel ,schâchzabel ,schâchzabel ,
,und ,und ,und ,und ,und ,und ,und ,und ,
,,,sî,,,,,,
,,,ͦ,,,,,,
,sîten ,sîten ,ten ,sîten ,sîten ,sîten ,sîten ,sîten ,
,spil ,spil ,spil ,spil ,spil ,spil ,spil ,spil ,
v_29 ,v_29 ,v_29 ,v_29 ,v_29 ,v_29 ,v_29 ,v_29 ,v_29 ,
,daz ,,,daz ,daz ,daz ,,daz ,
,waz ,war ,waz ,waz ,waz ,waz ,waz ,waz ,
,sîn ,sîn ,sîn ,sîn ,sîn ,sîn ,sîn ,sîn ,
,kurzwîle ,kurzwîle ,kurzwîle ,kurzwîle ,kurzwîle ,kurzwîle ,kurzwîle ,kurzwîle ,
,,,,,,,vil ,,
v_30 ,v_30 ,v_30 ,v_30 ,v_30 ,v_30 ,v_30 ,v_30 ,v_30 ,
,wer ,waere ,wer ,wer ,waere ,wer ,,wer ,
,im ,,,,,,,,
,über ,über ,über ,über ,über ,über ,,über ,
,hundert ,hundert ,drîzic ,tûsent ,hundert ,tûsent ,,tûsent ,
,mîle ,mîle ,mîle ,mile ,mîle ,mîle ,,mîle ,
v_31 ,v_31 ,v_31 ,v_31 ,v_31 ,v_31 ,v_31 ,v_31 ,v_31 ,
,gezeigt ,gezeiget ,erzeiget ,erzeiget ,gezeiget ,erzeiget ,genennet ,erzeiget ,
,,in ,im ,im ,im ,im ,im ,im ,
,ein ,ein ,ein ,sîn ,ein ,sîn ,ein ,ein ,
,ritterschaft ,ritterschaft ,ritterschaft ,ritterschaft ,ritterschaft ,ritterschaft ,ritterchaft ,ritterschaft ,
,mit ,,,,,,,,
,guoten ,,,,,,,,
,siten ,,,,,,,,
v_32 ,v_32 ,v_32 ,v_32 ,v_32 ,v_32 ,v_32 ,v_32 ,v_32 ,
,,,,,,,dazuo ,,
,dar ,da ,da ,dô ,dar ,da ,,da ,
,waere ,waere ,waere ,waere ,waere ,waere ,waere ,waere ,
,er ,der ,der ,der ,der ,der ,der ,der ,
,,herre ,herre ,herre ,herre ,herre ,herre ,ritrer ,
,,tugenthaft ,tugenthaft ,tugenthaft ,tugenthaft ,tugenthaft ,tugenthaft ,tugenthaft ,
v_33 ,v_33 ,v_33 ,v_33 ,v_33 ,v_33 ,v_33 ,v_33 ,v_33 ,
,mit ,mit ,mit ,mit ,mit ,mit ,mit ,mit ,
,,guotem ,guotem ,guotem ,guoten ,guoten ,guoten ,guotem ,
,willen ,willen ,willen ,willen ,willen ,willen ,willen ,willen ,
,,hin ,hin ,hin ,hin ,hin ,hin ,hin ,
,geriten ,geritten ,geriten ,geriten ,geritten ,geriten ,geriten ,geriten ,
v_34 ,v_34 ,v_34 ,v_34 ,v_34 ,v_34 ,v_34 ,v_34 ,v_34 ,
,und ,und ,und ,und ,und ,und ,und ,und ,
,hette ,hette ,hette ,hette ,hette ,hette ,hette ,hette ,
,dô ,gerne ,gerne ,gerne ,gerne ,gerne ,gerne ,gerne ,
,kurzlich ,da ,da ,da ,da ,da ,da ,da ,
,gestriten ,gestriten ,gestriten ,gestriten ,gestritten ,gestriten ,gestriten ,gestriten ,
v_35 ,v_35 ,v_35 ,v_35 ,v_35 ,v_35 ,v_35 ,v_35 ,v_35 ,
,ûf ,nach ,nach ,nach ,nach ,nach ,nach ,nach ,
,lop ,lop ,lop ,lop ,lop ,lop ,lop ,lop ,
,,ûf ,ûf ,ûf ,ûf ,ûf ,ûf ,und ,
,hôher ,hôher ,hôher ,hôher ,hôher ,hôher ,hôhen ,hôher ,
,minne ,minne ,minne ,minnen ,minne ,minnen ,minnen ,minne ,
,solt ,solt ,solt ,solt ,solt ,solt ,solt ,solt ,
v_36 ,v_36 ,v_36 ,v_36 ,v_36 ,v_36 ,v_36 ,v_36 ,v_36 ,
,,,,,,,sol ,,
,er ,er ,er ,er ,er ,er ,er ,er ,
,waz ,waz ,waz ,waz ,waz ,waz ,waz ,waz ,
,den ,den ,den ,den ,den ,den ,den ,den ,
,vrouwen ,vrouwen ,vrouwen ,vrouwen ,vrouwen ,vrouwen ,vrouwen ,vrouwen ,
,alsô ,alsô ,alsô ,alsô ,alsô ,alsô ,alsô ,alsô ,
,holt ,holt ,holt ,holt ,holt ,holt ,holt ,holt ,
v_37 ,v_37 ,v_37 ,v_37 ,v_37 ,v_37 ,v_37 ,v_37 ,v_37 ,
,die ,die ,die ,die ,die ,die ,die ,die ,
,wol ,wol ,wol ,wol ,wol ,wol ,wol ,wol ,
,bescheiden ,bescheiden ,bescheiden ,bescheiden ,bescheiden ,bescheiden ,bescheiden ,bescheiden ,
,waren ,waren ,waren ,waren ,waren ,waren ,waren ,waren ,
v_38 ,v_38 ,v_38 ,v_38 ,v_38 ,v_38 ,v_38 ,v_38 ,v_38 ,
,daz ,dar ,daz ,daz ,daz ,daz ,daz ,daz ,
,er ,er ,er ,er ,er ,er ,er ,er ,
,in ,in ,bî ,in ,in ,in ,in ,in ,
,sînen ,sînen ,sînen ,sînen ,sînen ,sînen ,sînen ,sînen ,
,jâren ,jâren ,jâren ,jâren ,jâren ,jâren ,jâren ,jâren ,
v_39 ,v_39 ,v_39 ,v_39 ,v_39 ,v_39 ,v_39 ,v_39 ,v_39 ,
,mit ,mit ,mit ,mit ,mit ,mit ,mit ,mit ,
,lanc ,lange ,langer ,lange ,langer ,lange ,langer ,lanc ,
,wernder ,wernder ,vröude ,wernder ,wernder ,wernder ,wernde ,wernder ,
,,,,,,,den ,,
,staete ,staete ,staete ,staete ,staete ,staete ,staete ,staete ,
v_40 ,v_40 ,v_40 ,v_40 ,v_40 ,v_40 ,v_40 ,v_40 ,v_40 ,
,in ,in ,in ,in ,in ,in ,in ,in ,
,sô ,sô ,alsô ,sô ,sô ,sô ,sô ,sô ,
,gedienet ,gedienet ,gedienet ,gedienet ,gedienet ,gedienet ,gedienet ,gedienet ,
,haette ,haette ,haette ,haette ,haette ,haette ,haette ,haette ,
v_41 ,v_41 ,v_41 ,v_41 ,v_41 ,v_41 ,v_41 ,v_41 ,v_41 ,
,daz ,daz ,daz ,daz ,daz ,daz ,daz ,daz ,
,alle ,alle ,alle ,elend ,alle ,elend ,alle ,alle ,
,saeldenhafte ,saeldenhafte ,saeldenhafte ,saeldenhaften ,saeldenhaften ,saeldenhaften ,saeldenhaften ,saeldenhafte ,
,,,,,,,lîp ,,
,wîp ,wîp ,wîp ,wîp ,wîp ,wîp ,wîp ,wîp ,
v_42 ,v_42 ,v_42 ,v_42 ,v_42 ,v_42 ,v_42 ,v_42 ,v_42 ,
,,,,,,,alliv ,,
,dem ,sînen ,sînen ,sînen ,sînen ,sînen ,sînen ,sînen ,
,tugenthaften ,tugentrîchen ,minneclîchen ,minnenclichen ,wunneclîchen ,minneclîchen ,tugenthaften ,minneclîchen ,
,,,,,,,wîp ,,
,lîp ,lîp ,lîp ,lîp ,lîp ,lîp ,lîp ,lîp ,
v_43 ,v_43 ,v_43 ,v_43 ,v_43 ,v_43 ,v_43 ,v_43 ,v_43 ,
,lobten ,lobten ,lobten ,lobten ,lobten ,lobten ,lobten ,lobten ,
,und ,und ,und ,und ,und ,und ,und ,und ,
,prîsten ,prîsten ,prîsten ,prîsten ,prîsten ,prîsten ,prîsten ,prîsten ,
v_44 ,v_44 ,v_44 ,v_44 ,v_44 ,v_44 ,v_44 ,v_44 ,v_44 ,
,als ,als ,als ,als ,als ,als ,als ,als ,
,uns ,uns ,in ,uns ,uns ,uns ,uns ,uns ,
,die ,die ,die ,die ,diu ,die ,die ,die ,
,buocher ,buoch ,buoch ,buoch ,buoch ,buoch ,buoch ,buoch ,
,bewîsten ,bewîsten ,wîsten ,bewîsten ,bewîsten ,bewîsten ,bewîsten ,bewîsten ,
v_45 ,v_45 ,v_45 ,v_45 ,v_45 ,v_45 ,v_45 ,v_45 ,v_45 ,
,und ,und ,und ,und ,und ,und ,und ,und ,
,ich ,ich ,ich ,ich ,ich ,ich ,ich ,ich ,
,,,,,ez ,,,,
,von ,von ,von ,von ,von ,von ,von ,von ,
,im ,im ,im ,im ,im ,in ,im ,im ,
,beschriben ,geschriben ,geschriben ,geschriben ,geschriben ,geschriben ,geschriben ,geschriben ,
,vant ,vant ,vant ,vant ,vant ,vant ,vant ,vant ,
v_46 ,v_46 ,v_46 ,v_46 ,v_46 ,v_46 ,v_46 ,v_46 ,v_46 ,
,sô ,sô ,alsô ,sust ,sô ,sust ,sô ,sus ,
,waz ,waz ,waz ,waz ,waz ,waz ,waz ,waz ,
,der ,der ,der ,der ,der ,der ,der ,der ,
,herre ,herre ,herre ,herre ,herre ,herre ,herre ,herre ,
,genant ,genant ,genant ,genant ,genant ,genant ,genant ,genant ,
v_47 ,v_47 ,v_47 ,v_47 ,v_47 ,v_47 ,v_47 ,v_47 ,v_47 ,
,her ,her ,her ,her ,her ,her ,her ,her ,
,Herman ,Wirant ,Wernher ,Wirnet ,Wirin ,Wirnet ,Wirnt ,Wirnet ,
,,,,da ,da ,da ,da ,da ,
,von ,von ,von ,von ,von ,von ,von ,von ,
,Greivenberc ,Gravenberc ,Gravenberc ,Gravenberc ,Gravenberc ,Gravenberc ,Gravenberc ,Gravenberc ,
v_48 ,v_48 ,v_48 ,v_48 ,v_48 ,v_48 ,v_48 ,v_48 ,v_48 ,
,und ,er ,er ,er ,er ,er ,und ,er ,
,hette ,hette ,hette ,hette ,hette ,hette ,hette ,,
,werltliche ,werltliche ,werltliche ,werltliche ,werltliche ,werltliche ,werltliche ,werltliche ,
,werc ,werc ,werc ,werc ,werc ,werc ,werc ,werc ,
v_49 ,v_49 ,v_49 ,v_49 ,v_49 ,v_49 ,v_49 ,v_49 ,v_49 ,
,gewirket ,gewürket ,geworht ,gewirket ,geworht ,gewirket ,gewirket ,gewirket ,
,alle ,alle ,alle ,alle ,alle ,alle ,alle ,alle ,
,sîne ,sîne ,sîne ,sîne ,sîne ,sînem ,sîne ,sîn ,
,jâr ,jâr ,jâre ,jâr ,jâr ,jâr ,jâr ,jâr ,
v_50 ,v_50 ,v_50 ,v_50 ,v_50 ,v_50 ,v_50 ,v_50 ,v_50 ,
,sîn ,sîn ,sîn ,sîn ,sîn ,sîn ,sîn ,sîn ,
,herz ,herz ,herz ,herz ,herze ,herze ,herze ,herz ,
,stille ,stille ,stille ,stille ,stille ,stille ,stille ,stille ,
,und ,und ,und ,und ,und ,und ,und ,und ,
,offenbâr ,offenbar ,offenbâr ,offenbar ,offenbâr ,offenbâr ,offenbâr ,offenbâr ,
v_51 ,v_51 ,v_51 ,v_51 ,v_51 ,v_51 ,v_51 ,v_51 ,v_51 ,
,nach ,nach ,nach ,nach ,nach ,nach ,nach ,nach ,
,der ,vrouwen ,der ,der ,der ,der ,der ,der ,
,minne ,minne ,minne ,minne ,minne ,minne ,minne ,minne ,
,tobet ,tobete ,tobete ,tobete ,tobete ,tobete ,tobete ,tobete ,
v_52 ,v_52 ,v_52 ,v_52 ,v_52 ,v_52 ,v_52 ,v_52 ,v_52 ,
,sust ,nun ,sust ,sust ,sust ,sust ,sust ,sus ,
,saz ,saz ,saz ,saz ,saz ,saz ,saz ,saz ,
,der ,der ,der ,der ,der ,der ,der ,der ,
,hochgelobet ,hochgelobet ,hochgelobet ,hochgelobet ,gelobet ,hochgelobet ,hochgelobet ,hochgelobet ,
v_53 ,v_53 ,v_53 ,v_53 ,v_53 ,v_53 ,v_53 ,v_53 ,v_53 ,
,in ,in ,in ,in ,in ,in ,in ,in ,
,sîner ,sîner ,einer ,einer ,einer ,einer ,einer ,einer ,
,kemenâten ,kemenâten ,kemenâten ,kemenâten ,kemenâten ,kemenâten ,kemenâten ,kemenâten ,
v_54 ,v_54 ,v_54 ,v_54 ,v_54 ,v_54 ,v_54 ,v_54 ,v_54 ,
,mit ,mit ,mit ,mit ,mit ,mit ,mit ,mit ,
,vröuden ,vröuden ,vrouwen ,vröuden ,vröuden ,vröuden ,vröuden ,vröuden ,
,wol ,wol ,wol ,wol ,wol ,wol ,wol ,wol ,
,beraten ,beraten ,beraten ,beraten ,beraten ,beraten ,beraten ,beraten ,
v_55 ,v_55 ,v_55 ,v_55 ,v_55 ,v_55 ,v_55 ,v_55 ,v_55 ,
,und ,und ,er ,er ,und ,er ,und ,er ,
,hette ,hette ,hette ,hette ,hette ,hette ,hette ,hette ,
,ein ,ein ,ein ,ein ,ein ,ein ,ein ,ein ,
,buoch ,buoch ,buoch ,buoch ,buoch ,buoch ,buoch ,buoch ,
,in ,in ,in ,in ,in ,in ,in ,in ,
,sîner ,sîner ,sîner ,sîner ,sîner ,sîner ,sîner ,sîner ,
,hant ,hant ,hant ,hant ,hant ,hant ,hant ,hant ,
v_56 ,v_56 ,v_56 ,v_56 ,v_56 ,v_56 ,v_56 ,v_56 ,v_56 ,
,darin ,daran ,daran ,daran ,daran ,daran ,daran ,daran ,
,er ,er ,er ,er ,er ,er ,er ,,
,aventiure ,aventiure ,aventiure ,aventiure ,aventiure ,aventiure ,aventiure ,aventiure ,
,vant ,vant ,vant ,vant ,vant ,vant ,vant ,vant ,
v_57 ,v_57 ,v_57 ,v_57 ,v_57 ,v_57 ,v_57 ,v_57 ,v_57 ,
,von ,von ,von ,von ,von ,von ,von ,von ,
,der ,der ,der ,der ,der ,der ,der ,der ,
,minne ,minne ,minne ,minne ,minne ,minne ,minne ,minne ,
,geschriben ,geschriben ,geschriben ,geschriben ,geschriben ,geschriben ,geschriben ,geschriben ,
v_58 ,v_58 ,v_58 ,v_58 ,v_58 ,v_58 ,v_58 ,v_58 ,v_58 ,
,dar ,dar ,dor ,dar ,dar ,dar ,dar ,dar ,
,ob ,ob ,ob ,ob ,ob ,ob ,ob ,ob ,
,sô ,,,,,,,,
,hette ,hette ,hette ,hette ,hette ,hette ,hette ,hette ,
,,er ,er ,er ,er ,er ,er ,er ,
,,,,,dô ,,,,
,vertriben ,vertriben ,vertriben ,vertriben ,vertriben ,vertriben ,vertriben ,vertriben ,
v_59 ,v_59 ,v_59 ,v_59 ,v_59 ,v_59 ,v_59 ,v_59 ,v_59 ,
,den ,den ,den ,den ,den ,den ,den ,den ,
,tac ,tac ,tac ,tac ,tac ,tac ,tac ,tac ,
,,biz ,biz ,untz ,untz ,untz ,biz ,untz ,
,ûf ,ûf ,ûf ,ûf ,ûf ,ûf ,ûf ,ûf ,
,die ,die ,die ,die ,die ,die ,die ,die ,
,vesperzît ,vesperzît ,vesperzît ,vesperzît ,vesperzît ,vesperzît ,vesperzît ,vesperzît ,
v_60 ,v_60 ,v_60 ,v_60 ,v_60 ,v_60 ,v_60 ,v_60 ,v_60 ,
,sîn ,sîn ,sîn ,sîn ,sîn ,sîn ,sîn ,sîn ,
,vröude ,vröude ,vröude ,vröude ,vröude ,vröude ,vröuden ,vröude ,
,waz ,waz ,waz ,waz ,waz ,waz ,waren ,waz ,
,,,vil ,vil ,vil ,vil ,,vil ,
,hart ,hart ,hart ,hart ,hart ,hart ,alsô ,hart ,
,wît ,wît ,wît ,wît ,wît ,wît ,wît ,wît ,
v_61 ,v_61 ,v_61 ,v_61 ,v_61 ,v_61 ,v_61 ,v_61 ,v_61 ,
,von ,von ,von ,von ,von ,von ,von ,von ,
,süezer ,süezer ,süezer ,süezer ,süezer ,süezer ,süezer ,süezer ,
,rede ,rede ,rede ,rede ,rede ,rede ,rede ,rede ,
,die ,die ,die ,die ,die ,die ,die ,die ,
,er ,er ,er ,er ,er ,er ,er ,er ,
,,,,,da ,,,,
,laz ,laz ,laz ,laz ,laz ,laz ,laz ,laz ,
v_62 ,v_62 ,v_62 ,v_62 ,v_62 ,v_62 ,v_62 ,v_62 ,v_62 ,
,,nun ,und ,und ,,und ,nun ,,
,dô ,da ,da ,dô ,dô ,dô ,,dô ,
,er ,er ,er ,er ,er ,er ,er ,er ,
,alsô ,,alsus ,alsus ,alsus ,alsus ,alsô ,alsus ,
,gesezen ,gesezen ,inne ,eine ,gesezen ,eine ,gesezen ,eine ,
,waz ,waz ,waz ,waz ,waz ,waz ,waz ,waz ,
v_63 ,v_63 ,v_63 ,v_63 ,v_63 ,v_63 ,v_63 ,v_63 ,v_63 ,
,dô ,da ,dô ,dô ,dô ,dô ,dô ,dô ,
,kam ,kam ,kam ,kam ,kam ,kam ,kam ,kam ,
,dort ,,,,,,,,
,her ,,,,,,,,
,gegangen ,,,,,,,,
,gegangen ,gegangen ,geslîchen ,geslîchen ,gegangen ,geslîchen ,gegangen ,geslîchen ,
,dort ,dort ,dort ,dort ,dort ,dort ,dort ,dort ,
,her ,her ,her ,her ,her ,her ,her ,her ,
v_64 ,v_64 ,v_64 ,v_64 ,v_64 ,v_64 ,v_64 ,v_64 ,v_64 ,
,ein ,ein ,ein ,ein ,ein ,ein ,ein ,ein ,
,wîp ,wîp ,wîp ,wîp ,wîp ,wîp ,wîp ,wîp ,
,nach ,nach ,nach ,nach ,nach ,nach ,nach ,nach ,
,sînes ,sînes ,sînes ,sînes ,sînes ,sînes ,sînes ,sînes ,
,herzen ,herzen ,herzen ,herzen ,herzen ,herzen ,herzen ,herzen ,
,ger ,ger ,ger ,ger ,ger ,ger ,ger ,ger ,
v_65 ,v_65 ,v_65 ,v_65 ,v_65 ,v_65 ,v_65 ,v_65 ,v_65 ,
,,zuo ,zuo ,zuo ,zuo ,zuo ,zuo ,zuo ,
,,wunsch ,wunsch ,wunsch ,wunsch ,wunsch ,wunsch ,wunsch ,
,,wol ,wol ,wol ,wol ,wol ,wol ,wol ,
,,geprüevet ,gezieret ,gezieret ,geprüevet ,gezieret ,geprüevet ,gezieret ,
,,gar ,gar ,gar ,dar ,gar ,dar ,gar ,
v_66 ,v_66 ,v_66 ,v_66 ,v_66 ,v_66 ,v_66 ,v_66 ,v_66 ,
,und ,und ,und ,und ,und ,und ,und ,und ,
,alsô ,alsô ,alsô ,alsô ,alsô ,alsô ,alsô ,alsô ,
,minneclich ,minneclich ,minneclich ,minneclich ,minneclich ,minneclich ,minnecliche ,wunneclich ,
,gevar ,gevar ,gevar ,gevar ,gevar ,gevar ,gevar ,gevar ,
v_67 ,v_67 ,v_67 ,v_67 ,v_67 ,v_67 ,v_67 ,v_67 ,v_67 ,
,daz ,daz ,daz ,daz ,daz ,daz ,daz ,daz ,
,man ,man ,man ,man ,man ,man ,man ,man ,
,nie ,nie ,nie ,nie ,nie ,nie ,nie ,,
,schoener ,schoener ,schoener ,,schoener ,,,schoener ,
,vrouwen ,wîp ,wîp ,,wîp ,,wîp ,nie ,
,,,,,,,sô ,,
,,,,,,,schon ,,
,sach ,gesach ,gesach ,gesach ,gesach ,gesach ,gesach ,gesach ,
v_68 ,v_68 ,v_68 ,v_68 ,v_68 ,v_68 ,v_68 ,v_68 ,v_68 ,
,ir ,ir ,ir ,ir ,ir ,ir ,ir ,ir ,
,schoen ,schoene ,schoene ,schoene ,schoene ,schoene ,schoene ,schoen ,
,vollicklichen ,villiclichen ,volleclichen ,volleclichen ,volleclichen ,volleclichen ,vollecliche ,volleclichen ,
,brach ,brach ,brach ,brach ,brach ,brach ,brach ,brach ,
v_69 ,v_69 ,v_69 ,v_69 ,v_69 ,v_69 ,v_69 ,v_69 ,v_69 ,
,vür ,vür ,vor ,vür ,vür ,vür ,vür ,vür ,
,alle ,alle ,allen ,alle ,alle ,alle ,alle ,alle ,
,vrouwen ,vrouwen ,vrouwen ,vrouwen ,vrouwen ,vrouwen ,vrouwen ,vrouwen ,
,die ,die ,die ,die ,die ,die ,die ,die ,
,hie ,nun ,nun ,nun ,nun ,nun ,nun ,nun ,
,sint ,sint ,sint ,sint ,sint ,sint ,sint ,sint ,
v_70 ,v_70 ,v_70 ,v_70 ,v_70 ,v_70 ,v_70 ,v_70 ,v_70 ,
,,,,,ein ,,,,
,sô ,sô ,sô ,sô ,sô ,sô ,sô ,sô ,
,reht ,rechte ,rechte ,reht ,reht ,reht ,rechte ,reht ,
,minneclichez ,minneclichez ,minneclichez ,minneclichez ,minneclichez ,minneclichez ,minneclichez ,minneclichez ,
,kint ,kint ,kint ,kint ,kint ,kint ,kint ,kint ,
v_71 ,v_71 ,v_71 ,v_71 ,v_71 ,v_71 ,v_71 ,v_71 ,v_71 ,
von ,von ,von ,ûz ,ûz ,von ,ûz ,von ,ûſ ,
wîbes ,wîbes ,wîbes ,wîbes ,wîbes ,wîbes ,wîbes ,wîbes ,wîbes ,
bruste ,brust ,brusten ,brusten ,brusten ,brusten ,brustes ,bruste ,brusten ,
nie ,nie ,nie ,nie ,nie ,nie ,nie ,nie ,nie ,
geslouf ,gevloz ,gelouf ,engeslouf ,geslouf ,geslouf ,geslouf ,geslouf ,geslouf ,
v_72 ,v_72 ,v_72 ,v_72 ,v_72 ,v_72 ,v_72 ,v_72 ,v_72 ,
ich ,ich ,ich ,ich ,ich ,ich ,ich ,ich ,ich ,
spreche ,waene ,spreche ,sprech ,spreche ,spreche ,spreche ,spreche ,spreche ,
,wol ,,,,,,,,
daz ,daz ,daz ,daz ,daz ,daz ,daz ,daz ,daz ,
,ir ,,,,,,,,
,genoz ,,,,,,,,
,v_73 ,,,,,,,,
,wurd ,,,ouch ,,ouch ,,ouch ,
ûf ,ûf ,ûf ,ûf ,ûf ,ûf ,ûf ,ûf ,ûf ,
mînen ,erden ,mînen ,mînen ,mînen ,mînen ,mînen ,mînen ,mînen ,
touf ,kein ,touf ,touf ,touf ,touf ,touf ,touf ,touf ,
v_73 ,nie ,v_73 ,v_73 ,v_73 ,v_73 ,v_73 ,v_73 ,v_73 ,
v_74 ,v_74 ,v_74 ,v_74 ,v_74 ,v_74 ,v_74 ,v_74 ,v_74 ,
,daz ,,,,,,,,
,buoch ,,,,,,,,
,gicht ,,,,,,,,
,der ,,,,,,,,
,warheit ,,,,,,,,
,hie ,,,,,,,,
v_75 ,v_75 ,v_75 ,v_75 ,v_75 ,v_75 ,v_75 ,v_75 ,v_75 ,
daz ,daz ,daz ,daz ,daz ,daz ,daz ,daz ,daz ,
sie ,sie ,sie ,sie ,sie ,sie ,sie ,sie ,sie ,
noch ,,noch ,,noch ,noch ,noch ,noch ,noch ,
verrer ,verre ,verrer ,verrer ,verrer ,verrer ,verrer ,verre ,verre ,
schoener ,schoener ,schoener ,schoener ,schoene ,schoener ,schoene ,schoener ,schoener ,
waz ,waz ,waz ,waz ,waz ,waz ,waz ,waz ,waz ,
v_76 ,v_76 ,v_76 ,v_76 ,v_76 ,v_76 ,v_76 ,v_76 ,v_76 ,
denne ,dann ,dann ,denn ,danne ,danne ,danne ,denne ,denne ,
,ver ,,vrouwe ,,,,vrouwe ,,
Venus ,Venus ,Venus ,Venus ,Venus ,Venus ,Venus ,Venus ,Venus ,
oder ,und ,und ,oder ,oder ,oder ,oder ,und ,oder ,
vrouwe ,,,Vrouwe ,,vrouwe ,,vrouwe ,,
Palas ,Palas ,Palas ,Palas ,Palas ,Palas ,Palas ,Palas ,Palas ,
v_77 ,v_77 ,v_77 ,v_77 ,v_77 ,v_77 ,v_77 ,v_77 ,v_77 ,
unde ,und ,und ,oder ,oder ,und ,oder ,und ,oder ,
alle ,alle ,alle ,alle ,alle ,alle ,alle ,alle ,alle ,
die ,die ,die ,die ,,die ,,die ,,
gotinne ,gotinne ,gotinne ,gotinne ,gotinne ,gotinne ,gotinne ,gotinne ,gotinne ,
v_78 ,v_78 ,v_78 ,v_78 ,v_78 ,v_78 ,v_78 ,v_78 ,v_78 ,
die ,die ,die ,die ,die ,die ,die ,die ,die ,
willent ,willent ,willent ,ie ,willent ,willen ,willent ,willent ,willen ,
phlagent ,phlagen ,phlagen ,gephlagen ,phflagen ,phlagen ,phflagen ,phflagen ,phlagen ,
,,,der ,,der ,,,,
minne ,minne ,minne ,minne ,minne ,minne ,minne ,minne ,minne ,
v_79 ,v_79 ,v_79 ,v_79 ,v_79 ,v_79 ,v_79 ,v_79 ,v_79 ,
ir ,ir ,ir ,ir ,ir ,ir ,ir ,ir ,ir ,
antlütze ,antlütze ,antlütze ,antlütze ,antlütze ,antlütze ,antlütze ,antlütze ,antlütze ,
und ,und ,und ,und ,und ,und ,und ,und ,und ,
,ir ,ir ,ir ,ir ,ir ,ir ,ir ,ir ,
varwe ,varwe ,varwe ,varwe ,varwe ,varwe ,varwe ,varwe ,varwe ,
v_80 ,v_80 ,v_80 ,v_80 ,v_80 ,v_80 ,v_80 ,v_80 ,v_80 ,
diu ,die ,die ,die ,die ,diu ,die ,die ,die ,
warent ,waren ,warent ,waren ,waren ,waren ,waren ,warent ,waren ,
beide ,beide ,beide ,beide ,beide ,beide ,beide ,beide ,beide ,
garwe ,garwe ,garwe ,garwe ,garwe ,garwe ,garwe ,garwe ,garwe ,
v_81 ,v_81 ,v_81 ,v_81 ,v_81 ,v_81 ,v_81 ,v_81 ,v_81 ,
erliuhtet ,durchliuhtec ,durchliuhtec ,durchliuhtec ,durchliuhtec ,erliuhtet ,durchliuhtec ,durchliuhtec ,durchliuhtec ,
als ,als ,als ,alsô ,als ,als ,als ,als ,als ,
ein ,ein ,ein ,ein ,ein ,ein ,ein ,ein ,ein ,
spiegelîn ,spiegelîn ,spiegelîn ,spiegelîn ,spiegelîn ,spiegelîn ,spiegelîn ,spiegelîn ,spiegelîn ,
v_82 ,v_82 ,v_82 ,v_82 ,v_82 ,v_82 ,v_82 ,v_82 ,v_82 ,
ir ,ir ,ir ,ir ,ir ,ir ,ir ,ir ,ir ,
schoene ,liechter ,schoene ,varwe ,varwe ,schoene ,varwe ,schoene ,varwe ,
gap ,,gap ,gap ,gap ,gap ,gap ,gap ,gap ,
sô ,,sô ,sô ,sô ,sô ,sô ,sô ,sô ,
liechten ,wunnenbernder ,liechten ,liechte ,liechten ,liechten ,liechten ,liechten ,liechten ,
schîn ,schîn ,schîn ,schîn ,schîn ,schîn ,schîn ,schîn ,schîn ,
v_83 ,v_83 ,v_83 ,v_83 ,v_83 ,v_83 ,v_83 ,v_83 ,v_83 ,
unde ,,und ,und ,und ,und ,und ,und ,und ,
,,,,,,,ouch ,,
alsô ,,alsô ,alsô ,alsô ,alsô ,alsô ,sô ,alsô ,
wunneclichen ,,wunneclichen ,minneclichen ,minneclichen ,wunneclichen ,minneclichen ,wunneclichen ,minneclichen ,
glast ,,glast ,glast ,glast ,glast ,glast ,glast ,glast ,
v_84 ,v_84 ,v_84 ,v_84 ,v_84 ,v_84 ,v_84 ,v_84 ,v_84 ,
daz ,daz ,daz ,daz ,dô ,daz ,da ,daz ,dô ,
der ,der ,der ,der ,der ,der ,der ,der ,der ,
selbe ,selbe ,selbe ,selbe ,selbe ,selbe ,selbe ,selbe ,selbe ,
palast ,palast ,palast ,palast ,palast ,palast ,palast ,palast ,palast ,
v_85 ,v_85 ,v_85 ,v_85 ,v_85 ,v_85 ,v_85 ,v_85 ,v_85 ,
von ,von ,von ,von ,von ,von ,von ,von ,von ,
ir ,iren ,ir ,ir ,ir ,ir ,ir ,ir ,ir ,
lîp ,herzen ,lîp ,schoene ,schoene ,lîp ,schoene ,lîp ,schoene ,
erliuhtet ,erliuhtet ,erliuhtet ,erliuhtet ,erliuhtet ,erliuhtet ,erliuhtet ,erliuhtet ,erliuhtet ,
wart ,waz ,wart ,wart ,wart ,wart ,wart ,wart ,wart ,
v_86 ,v_86 ,v_86 ,v_86 ,v_86 ,v_86 ,v_86 ,v_86 ,v_86 ,
der ,der ,der ,der ,der ,der ,der ,der ,der ,
wunsch ,wunsch ,wunsch ,wunsch ,wunsch ,wunsch ,wunsch ,wunsch ,wunsch ,
,wart ,,der ,der ,,der ,der ,,
enhaette ,dô ,haette ,haette ,haette ,haette ,haette ,enhaette ,haette ,
niht ,niht ,niht ,niht ,niht ,niht ,niht ,niht ,niht ,
gespart ,gespart ,gespart ,gespart ,gespart ,gespart ,gespart ,gespart ,gespart ,
v_87 ,v_87 ,v_87 ,v_87 ,v_87 ,v_87 ,v_87 ,v_87 ,v_87 ,
an ,an ,an ,an ,an ,an ,an ,an ,an ,
ir ,ir ,,ir ,ir ,ir ,ir ,ir ,ir ,
die ,der ,,die ,die ,die ,die ,die ,die ,
sînen ,sîne ,sîner ,sînen ,sînen ,sînen ,sînen ,sînen ,sînen ,
grôzten ,,,,,grôzten ,,besten ,,
kraft ,meisterschaft ,meisterschaft ,meisterschaft ,meisterschaft ,kraft ,meisterschaft ,kraft ,meisterschaft ,
v_88 ,v_88 ,v_88 ,v_88 ,v_88 ,v_88 ,v_88 ,v_88 ,v_88 ,
er ,er ,er ,er ,er ,er ,er ,er ,er ,
hatte ,haette ,hette ,hette ,hette ,hette ,hette ,hette ,hette ,
sîne ,sîn ,sîn ,an ,sîne ,sîne ,sîne ,sîne ,sîn ,
,,,ir ,,,,,,
,,,die ,,,,,,
,beste ,besten ,besten ,beste ,,beste ,,beste ,
meisterschaft ,kraft ,kraft ,kraft ,kraft ,meisterschaft ,kraft ,meisterschaft ,kraft ,
v_89 ,v_89 ,v_89 ,v_89 ,v_89 ,v_89 ,v_89 ,v_89 ,v_89 ,
mit ,mit ,mit ,mit ,mit ,mit ,mit ,mit ,mit ,
ganzen ,hôhen ,hôhem ,ganzem ,ganzem ,ganzem ,ganzem ,hôhem ,ganzem ,
vlîz ,vlîs ,vlîz ,vlîz ,vlîz ,vlîz ,vlîz ,vlîz ,vlîz ,
an ,an ,an ,an ,an ,an ,an ,an ,an ,
sie ,sie ,sie ,sie ,sie ,sie ,sie ,sie ,sie ,
geleit ,geleit ,geleit ,geleit ,geleit ,geleit ,geleit ,geleit ,geleit ,
v_90 ,v_90 ,v_90 ,v_90 ,v_90 ,v_90 ,v_90 ,v_90 ,v_90 ,
swaz ,waz ,waz ,waz ,swaz ,swaz ,swaz ,swaz ,swaz ,
man ,man ,man ,man ,man ,man ,man ,man ,man ,
von ,von ,von ,von ,von ,von ,von ,von ,von ,
schoenen ,schoen ,hôhen ,schoenen ,schoenen ,schoenen ,schoenen ,schoenen ,schoenen ,
,vrouwen ,vrouwen ,wîbe ,wîben ,wîben ,wîben ,vrouwen ,wîben ,
sît ,sît ,sît ,sît ,sît ,sît ,sît ,sît ,sît ,
v_91 ,v_91 ,v_91 ,v_91 ,v_91 ,v_91 ,v_91 ,v_91 ,v_91 ,
der ,der ,der ,der ,der ,der ,der ,der ,der ,
übergulde ,übergulde ,übergulde ,übergulde ,übergulde ,übergulde ,übergulde ,übergulde ,übergulde ,
waz ,waz ,waz ,waz ,waz ,waz ,waz ,waz ,waz ,
ir ,ir ,ir ,ir ,ir ,ir ,ir ,ir ,ir ,
lîp ,lîp ,lîp ,lîp ,lîp ,lîp ,lîp ,lîp ,lîp ,
v_92 ,v_92 ,v_92 ,v_92 ,v_92 ,v_92 ,v_92 ,v_92 ,v_92 ,
ez ,ez ,ez ,ez ,ez ,ez ,ez ,ez ,er ,
wart ,wart ,wart ,enwart ,wart ,wart ,wart ,wart ,wart ,
nie ,nie ,nie ,nie ,nie ,nie ,nie ,nie ,nie ,
minneclicher ,wunneclicher ,minneclicher ,minneclicher ,minneclicher ,minneclicher ,minneclicher ,minneclicher ,minneclicher ,
wîp ,wîp ,wîp ,wîp ,wîp ,wîp ,wîp ,wîp ,wîp ,
v_93 ,v_93 ,v_93 ,v_93 ,v_93 ,v_93 ,v_93 ,v_93 ,v_93 ,
beschouwet ,beschouwet ,beschouwet ,beschouwet ,beschouwet ,gesehen ,beschouwet ,beschouwet ,beschouwet ,
ûf ,ûf ,ûf ,ûf ,ûf ,ûf ,ûf ,ûf ,ûf ,
der ,der ,der ,der ,der ,der ,der ,der ,der ,
erde ,erden ,erde ,erden ,erde ,erde ,erde ,erde ,erde ,
v_94 ,v_94 ,v_94 ,v_94 ,v_94 ,v_94 ,v_94 ,v_94 ,v_94 ,
ouch ,ouch ,ouch ,ouch ,ouch ,ouch ,ouch ,ouch ,ouch ,
waz ,waz ,waz ,waz ,waz ,waz ,waz ,waz ,waz ,
nach ,nach ,nach ,in ,in ,nah ,in ,nach ,in ,
vollem ,vollen ,vollem ,hôhen ,hôhem ,vollem ,hôhem ,vollen ,hôhem ,
werde ,werden ,werd ,werden ,werde ,werde ,werde ,werde ,werde ,
v_95 ,v_95 ,v_95 ,v_95 ,v_95 ,v_95 ,v_95 ,v_95 ,v_95 ,
ir ,ir ,ir ,ir ,ir ,ir ,ir ,ir ,ir ,
lîp ,,lîp ,lîp ,lîp ,lîp ,lîp ,lîp ,lîp ,
gekleidet ,bekleidet ,bekleidet ,gekleidet ,gekleidet ,gekleidet ,bekleidet ,bekleidet ,gekleidet ,
,alsô ,,,,,,,,
schoene ,schoen ,schoen ,schoene ,schoene ,schoene ,schoene ,schoene ,schoene ,
v_96 ,v_96 ,v_96 ,v_96 ,v_96 ,v_96 ,v_96 ,v_96 ,v_96 ,
diu ,die ,die ,die ,die ,diu ,die ,diu ,die ,
kleider ,kleider ,kleider ,kleider ,kleider ,kleider ,kleider ,kleider ,kleider ,
und ,und ,und ,und ,und ,und ,und ,und ,und ,
diu ,die ,die ,die ,die ,diu ,die ,diu ,die ,
krône ,krôn ,krôn ,krône ,krône ,krône ,krône ,krône ,krône ,
v_97 ,v_97 ,v_97 ,v_97 ,v_97 ,v_97 ,v_97 ,v_97 ,v_97 ,
,die ,,die ,die ,die ,die ,die ,die ,
diu ,,diu ,,,diu ,,diu ,,
,die ,die ,die ,die ,,die ,,die ,
schoene ,selbe ,selbe ,selbe ,selbe ,schoene ,selbe ,selbe ,selbe ,
vrouwe ,vrouwe ,vrouwe ,vrouwe ,vrouwe ,vrouwe ,vrouwe ,vrouwe ,vrouwe ,
kluoc ,kluoc ,kluoc ,kluoc ,kluoc ,kluoc ,kluoc ,kluoc ,kluoc ,
v_98 ,v_98 ,v_98 ,v_98 ,v_98 ,v_98 ,v_98 ,v_98 ,v_98 ,
ûf ,,ûf ,ûf ,ûf ,ûf ,ûf ,ûf ,ûf ,
und ,ouch ,und ,und ,und ,und ,und ,und ,und ,
an ,an ,an ,an ,an ,an ,an ,an ,an ,
ir ,iren ,ir ,irem ,ir ,ir ,ir ,ir ,ir ,
lîp ,lîp ,lîp ,lîp ,lîp ,lîp ,lîp ,lîp ,lîp ,
truoc ,truoc ,truoc ,truoc ,truoc ,truoc ,truoc ,truoc ,truoc ,
v_99 ,v_99 ,v_99 ,v_99 ,v_99 ,v_99 ,v_99 ,v_99 ,v_99 ,
,die ,die ,die ,die ,die ,die ,die ,die ,
,waren ,waren ,waren ,waren ,waren ,waren ,waren ,waren ,
,alsô ,alsô ,alsô ,alsô ,alsô ,alsô ,alsô ,alsô ,
,rîch ,rîche ,rîche ,rîche ,rîche ,rîche ,rîche ,rîche ,
v_100 ,v_100 ,v_100 ,v_100 ,v_100 ,v_100 ,v_100 ,v_100 ,v_100 ,
,daz ,daz ,daz ,daz ,daz ,daz ,daz ,daz ,
,sie ,sie ,sie ,sie ,sie ,sie ,sie ,sie ,
,,,,,halt ,,,,
,sicherlîche ,sicherlîche ,sicherlîche ,sicherlîche ,sicherlîche ,sicherlîche ,sicherlîche ,sicherlîche ,
v_101 ,v_101 ,v_101 ,v_101 ,v_101 ,v_101 ,v_101 ,v_101 ,v_101 ,
,nieman ,nieman ,nieman ,nieman ,nieman ,nieman ,nieman ,nieman ,
,vergelten ,vergelten ,vergelten ,vergelten ,vergelten ,vergelten ,vergelten ,vergelten ,
,künde ,künde ,künde ,künde ,künde ,künde ,künde ,künde ,
v_102 ,v_102 ,v_102 ,v_102 ,v_102 ,v_102 ,v_102 ,v_102 ,v_102 ,
,ob ,ob ,ob ,ob ,ob ,ob ,der ,ob ,
,man ,man ,man ,man ,man ,man ,,man ,
,sie ,sie ,sie ,sie ,sie ,sie ,sie ,sie ,
,,,,,,,joch ,,
,veile ,veile ,veile ,veile ,veile ,veile ,veile ,veile ,
,vünde ,vünde ,vünde ,vünde ,vünde ,vünde ,vünde ,vünde ,
v_103 ,v_103 ,v_103 ,v_103 ,v_103 ,v_103 ,v_103 ,v_103 ,v_103 ,
,von ,von ,von ,von ,von ,von ,von ,von ,
,Greifenberc ,Graveberc ,Grafenberc ,Gravenberc ,Gravenberc ,Gravenberc ,Gravenberc ,Gravenberc ,
,herr ,herr ,herr ,herr ,herr ,herr ,herr ,herr ,
,Werünt ,Wirint ,Wirinc ,Wirnt ,Wirn ,Wirnt ,Wirnt ,Wirnt ,
v_104 ,v_104 ,v_104 ,v_104 ,v_104 ,v_104 ,v_104 ,v_104 ,v_104 ,
,,der ,,,,,,,
,,erschrac ,erschrac ,erschrac ,erschrac ,erschrac ,erschrac ,erschrac ,
,von ,von ,von ,von ,von ,von ,gein ,von ,
,ir ,ir ,ir ,ir ,ir ,ir ,ir ,ir ,
,erschrac ,,,,,,,,
,wol ,wol ,wol ,wol ,wol ,wol ,wol ,wol ,
,zwirnt ,zwirnt ,zwirnt ,zwirnt ,zwirnt ,zwirnt ,zwirnt ,zwirnt ,
v_105 ,v_105 ,v_105 ,v_105 ,v_105 ,v_105 ,v_105 ,v_105 ,v_105 ,
,dô ,dô ,dô ,dô ,dô ,dô ,dô ,dô ,
,sie ,sie ,sie ,sie ,sie ,sie ,sie ,sie ,
,kam ,kam ,kam ,kam ,kam ,kam ,kam ,kam ,
,sô ,geslîchen ,geslîchen ,geslîchen ,geslîchen ,geslîchen ,geslîchen ,geslîchen ,
,griuwelich ,,,,,,,,
v_106 ,v_106 ,v_106 ,v_106 ,v_106 ,v_106 ,v_106 ,v_106 ,v_106 ,
,sîn ,sîn ,sîn ,sîn ,sîn ,sîn ,sîn ,sîn ,
,varwe ,varwe ,varwe ,varwe ,varwe ,varwe ,varwe ,varbe ,
,wart ,waz ,wart ,waz ,wart ,waz ,wart ,waz ,
,,,,im ,,im ,,in ,
,erblîchen ,erblîchen ,verblîchen ,erblîchen ,erblîchen ,erblîchen ,erblîchen ,erblîchen ,
v_107 ,v_107 ,v_107 ,v_107 ,v_107 ,v_107 ,v_107 ,v_107 ,v_107 ,
,sô ,vil ,vil ,und ,vil ,unde ,vil ,vil ,
,hart ,hart ,harte ,harte ,harte ,hart ,harte ,harte ,
,von ,von ,von ,von ,von ,von ,von ,von ,
,ir ,ir ,ir ,ir ,ir ,ir ,ir ,ir ,
,künfte ,künfte ,künfte ,künfte ,künfte ,künfte ,künfte ,künfte ,
,sô ,gar ,,,,,,,
,,da ,da ,dô ,da ,dô ,,da ,
v_108 ,v_108 ,v_108 ,v_108 ,v_108 ,v_108 ,v_108 ,v_108 ,v_108 ,
,des ,in ,in ,in ,in ,in ,in ,in ,
,nam ,nam ,nam ,nam ,nam ,nam ,nam ,nam ,
,in ,dez ,ez ,des ,des ,des ,dez ,des ,
,michel ,grôz ,michel ,michel ,grôz ,michel ,grôz ,michel ,
,under ,wunder ,wunder ,wunder ,wunder ,wunder ,wunder ,wunder ,
,dô ,sa ,sa ,sô ,sa ,sô ,,sa ,
v_109 ,v_109 ,v_109 ,v_109 ,v_109 ,v_109 ,v_109 ,v_109 ,v_109 ,
,waz ,waz ,wannan ,wannen ,waz ,wanne ,waz ,wanne ,
,vrouwen ,vrouwen ,die ,die ,vrouwen ,die ,vrouwen ,die ,
,alsô ,alsô ,vrouwe ,vrouwe ,alsô ,vrouwe ,alsô ,vrouwe ,
,kaeme ,kaeme ,kaeme ,kaeme ,kaeme ,kaeme ,kaeme ,kaeme ,
v_110 ,v_110 ,v_110 ,v_110 ,v_110 ,v_110 ,v_110 ,v_110 ,v_110 ,
,ûf ,ûf ,ûf ,ûf ,ûf ,ûf ,ûf ,ûf ,
,spranc ,spranc ,spranc ,spranc ,spranc ,spranc ,spranc ,spranc ,
,der ,der ,der ,der ,der ,der ,der ,der ,
,,,vil ,vil ,vil ,vil ,vil ,vil ,
,genaeme ,genaeme ,genaeme ,genaeme ,genaeme ,genaeme ,genaeme ,genaeme ,
v_111 ,v_111 ,v_111 ,v_111 ,v_111 ,v_111 ,v_111 ,v_111 ,v_111 ,
,erschrocken ,erschrocken ,erschrocken ,erschrocken ,erschrocken ,erschrocken ,erschrocken ,erschrocken ,
,und ,und ,unde ,unde ,und ,und ,und ,und ,
,missevar ,missevar ,missevar ,missevar ,missevar ,missevar ,missevar ,missevar ,
v_112 ,v_112 ,v_112 ,v_112 ,v_112 ,v_112 ,v_112 ,v_112 ,v_112 ,
,und ,und ,er ,er ,und ,er ,und ,er ,
,enphinc ,enphinc ,enphinc ,enphinc ,enphinc ,enphinc ,enphinc ,enphinc ,
,die ,die ,die ,die ,die ,die ,die ,die ,
,minneclichen ,minneclichen ,minneclichen ,minneclichen ,minnechlichen ,minneclichen ,minneclichen ,minneclichen ,
,gar ,gar ,gar ,gar ,gar ,gar ,gar ,gar ,
v_113 ,v_113 ,v_113 ,v_113 ,v_113 ,v_113 ,v_113 ,v_113 ,v_113 ,
,,,,,vil ,,vil ,,
,schoen ,schoen ,schoene ,schoen ,schoen ,schoen ,schoene ,schon ,
,als ,als ,als ,als ,als ,als ,als ,als ,
,er ,er ,er ,er ,er ,er ,er ,er ,
,wol ,wol ,wol ,wol ,wol ,wol ,,wol ,
,kunde ,kunde ,kunde ,kunde ,kunde ,kunde ,kunde ,kunde ,
v_114 ,v_114 ,v_114 ,v_114 ,v_114 ,v_114 ,v_114 ,v_114 ,v_114 ,
,er ,er ,er ,er ,er ,er ,er ,er ,
,sprach ,sprach ,sprach ,sprach ,sprach ,sprach ,sprach ,sprach ,
,ûz ,ûz ,ûz ,ûz ,ûz ,ûz ,ûz ,ûz ,
,rotem ,süezem ,süezem ,süezem ,süezem ,süezem ,süezen ,süezen ,
,munde ,munde ,munde ,munde ,munde ,munde ,munde ,munde ,
v_115 ,v_115 ,v_115 ,v_115 ,v_115 ,v_115 ,v_115 ,v_115 ,v_115 ,
,,sint ,,,sît ,,sint ,,
,vrouwe ,vrouwe ,vrouwe ,vrouwe ,vrouwe ,vrouwe ,vrouwe ,vrouwe ,
,sît ,,sît ,sît ,,sît ,,sît ,
,mir ,got ,got ,got ,got ,got ,gotwille ,got ,
,willekomen ,gotwillkomen ,willekommen ,willekomen ,willekomen ,willekomen ,willekomen ,willekomen ,
v_116 ,v_116 ,v_116 ,v_116 ,v_116 ,v_116 ,v_116 ,v_116 ,v_116 ,
,waz ,waz ,waz ,swaz ,swaz ,swaz ,swaz ,swaz ,
,ich ,ich ,ich ,ich ,ich ,ich ,ich ,ich ,
,von ,von ,von ,von ,von ,von ,von ,von ,
,vrouwen ,vrouwen ,wîben ,wîben ,vrouwen ,wîben ,vrouwen ,wîben ,
,hân ,hân ,hân ,hân ,hân ,hân ,hân ,hân ,
,vernomen ,vernomen ,vernomen ,vernomen ,vernomen ,vernomen ,vernomen ,vernomen ,
v_117 ,v_117 ,v_117 ,v_117 ,v_117 ,v_117 ,v_117 ,v_117 ,v_117 ,
,der ,der ,der ,der ,der ,der ,der ,der ,
,übergülte ,übergülte ,übergülte ,übergülte ,,übergülte ,übergülte ,übergülte ,
,sît ,sint ,sît ,sît ,sît ,sît ,sint ,sît ,
,ir ,ir ,ir ,ir ,ir ,ir ,ir ,ir ,
,,,,,übergülte ,,,,
,gar ,gar ,gar ,gar ,gar ,gar ,gar ,gar ,
v_118 ,v_118 ,v_118 ,v_118 ,v_118 ,v_118 ,v_118 ,v_118 ,v_118 ,
,diu ,diu ,diu ,diu ,hiemit ,diu ,hiemit ,diu ,
,vrouwe ,vrouwe ,vrouwe ,vrouwe ,,vrouwe ,,vrouwe ,
,sprach ,sprach ,sprach ,sprach ,sprach ,sprach ,sprach ,sprach ,
,mit ,mit ,mit ,mit ,diu ,mit ,diu ,mit ,
,zuhten ,zuhten ,zuhten ,zuhten ,schoene ,zuhten ,schoene ,zuhten ,
,dar ,dar ,dar ,dar ,gar ,dar ,dar ,dar ,
v_119 ,v_119 ,v_119 ,v_119 ,v_119 ,v_119 ,v_119 ,v_119 ,v_119 ,
,,,vil ,vil ,vil ,vil ,vil ,vil ,
,lieber ,lieber ,lieber ,lieber ,lieber ,lieber ,lieber ,lieber ,
,vriunt ,vriunt ,vriunt ,vriunt ,vriunt ,vriunt ,vriunt ,vriunt ,
,got ,got ,got ,got ,got ,got ,got ,got ,
,lône ,lône ,lône ,lône ,lône ,lône ,lône ,lône ,
,dir ,dir ,dir ,dir ,dir ,dir ,dir ,dir ,
v_120 ,v_120 ,v_120 ,v_120 ,v_120 ,v_120 ,v_120 ,v_120 ,v_120 ,
,,,,der ,,der ,,,
,,,,schric ,,schric ,,,
,erschrecke ,erschrecke ,erschrecke ,erschrecke ,erschrecke ,erschrecke ,erschrecke ,erschrecke ,
,sô ,sô ,sô ,sô ,sô ,sô ,sô ,sô ,
,sere ,sere ,sere ,sere ,sere ,sere ,sere ,sere ,
,niht ,niht ,niht ,niht ,niht ,niht ,niht ,niht ,
,von ,von ,von ,vor ,von ,vor ,vor ,vor ,
,mir ,mir ,mir ,mir ,mir ,mir ,mir ,mir ,
v_121 ,v_121 ,v_121 ,v_121 ,v_121 ,v_121 ,v_121 ,v_121 ,v_121 ,
,ich ,ich ,ich ,ich ,,ich ,ich ,ich ,
,bin ,bin ,bin ,bin ,,bin ,bin ,bin ,
,ez ,,ez ,ez ,,ez ,ez ,ez ,
,diu ,diu ,diu ,diu ,,diu ,diu ,diu ,
,selbe ,selbe ,selbe ,selbe ,,selbe ,selbe ,selbe ,
,vrouwe ,vrouwe ,vrouwe ,vrouwe ,,vrouwe ,vrouwe ,vrouwe ,
,doch ,doch ,doch ,doch ,,doch ,doch ,doch ,
v_122 ,v_122 ,v_122 ,v_122 ,v_122 ,v_122 ,v_122 ,v_122 ,v_122 ,
,der ,der ,der ,der ,,der ,der ,der ,
,du ,du ,du ,du ,,du ,du ,du ,
,,mit ,,,,,,,
,,wîlent ,wîlent ,wîlent ,,wîlent ,wîlent ,wîlent ,
,minneclichen ,dienest ,unde ,und ,,und ,und ,und ,
,noch ,noch ,noch ,noch ,,noch ,noch ,noch ,
v_123 ,v_123 ,v_123 ,v_123 ,v_123 ,v_123 ,v_123 ,v_123 ,v_123 ,
,dienest ,,,,,,,,
,und ,und ,vil ,vil ,,vil ,und ,vil ,
,,alde ,lange ,lange ,,lange ,alde ,lange ,
,ie ,her ,her ,her ,,her ,her ,her ,
,gedienet ,gedienet ,gedienet ,gedienet ,,gedienet ,gedienet ,gedienet ,
,hast ,hast ,hast ,hast ,,hast ,hast ,hast ,
v_124 ,v_124 ,v_124 ,v_124 ,v_124 ,v_124 ,v_124 ,v_124 ,v_124 ,
,wie ,wie ,wie ,swie ,,swie ,swie ,swie ,
,du ,du ,du ,du ,,du ,du ,du ,
,,,erschrocken ,,,,,,
,von ,vor ,von ,vor ,,vor ,vor ,vor ,
,mir ,mir ,mir ,mir ,,mir ,mir ,mir ,
,erschrocken ,erschrocken ,,geschrocken ,,geschrocken ,ersrocken ,geschrocken ,
,stast ,stast ,stast ,stast ,,stast ,wast ,stast ,
v_125 ,v_125 ,v_125 ,v_125 ,v_125 ,v_125 ,v_125 ,v_125 ,v_125 ,
,sô ,sô ,sô ,sô ,nun ,sô ,sô ,sô ,
,bin ,bin ,bin ,bin ,bin ,bin ,bin ,bin ,
,ich ,ich ,ich ,ich ,ich ,ich ,ich ,ich ,
,ez ,,,ez ,,ez ,,ez ,
,,doch ,doch ,doch ,doch ,doch ,doch ,doch ,
,daz ,daz ,daz ,daz ,daz ,daz ,daz ,daz ,
,selbe ,selbe ,selbe ,selbe ,selbe ,selbe ,selbe ,selbe ,
,wîp ,wîp ,wîp ,wîp ,wîp ,wîp ,wîp ,wîp ,
v_126 ,v_126 ,v_126 ,v_126 ,v_126 ,v_126 ,v_126 ,v_126 ,v_126 ,
,durch ,durch ,durch ,durch ,durch ,durch ,durch ,durch ,
,die ,die ,die ,die ,die ,die ,die ,die ,
,du ,du ,du ,du ,du ,du ,du ,du ,
,sele ,sele ,sele ,sele ,sele ,sele ,sele ,sele ,
,unde ,unde ,unde ,unde ,unde ,unde ,unde ,unde ,
,lîp ,lîp ,lîp ,lîp ,lîp ,lîp ,lîp ,lîp ,
v_127 ,v_127 ,v_127 ,v_127 ,v_127 ,v_127 ,v_127 ,v_127 ,v_127 ,
,,vil ,vil ,vil ,vil ,vil ,vil ,vil ,
,dicke ,dicke ,dicke ,dicke ,dicke ,dicke ,dicke ,dicke ,
,hast ,hast ,hast ,hast ,hast ,hast ,hast ,hast ,
,gewaget ,gewaget ,gewaget ,gewaget ,gewaget ,gewaget ,gewaget ,gewaget ,
v_128 ,v_128 ,v_128 ,v_128 ,v_128 ,v_128 ,v_128 ,v_128 ,v_128 ,
,dîn ,dîn ,dîn ,dîn ,dîn ,dîn ,dîn ,dîn ,
,herze ,herze ,herze ,herze ,herze ,herze ,herze ,herze ,
,,,daz ,,,,,,
,niht ,niht ,nie ,nie ,niht ,nie ,niht ,nie ,
,betraget ,betraget ,betraget ,betraget ,betraget ,betraget ,betraget ,betraget ,
v_129 ,v_129 ,v_129 ,v_129 ,v_129 ,v_129 ,v_129 ,v_129 ,v_129 ,
,ez ,ez ,ez ,ez ,ez ,ez ,ez ,ez ,
,tragt ,tragt ,trüoge ,trüege ,tragt ,trüege ,trage ,trüege ,
,,,,ie ,,ie ,,ie ,
,durch ,durch ,durch ,durch ,durch ,durch ,durch ,durch ,
,mich ,mich ,mich ,mich ,mich ,mich ,mich ,dich ,
,holden ,hôhen ,hôhen ,hôhen ,hôhen ,hôhen ,hôhen ,hôhen ,
,muot ,muot ,muot ,muot ,muot ,muot ,muot ,muot ,
v_130 ,v_130 ,v_130 ,v_130 ,v_130 ,v_130 ,v_130 ,v_130 ,v_130 ,
,du ,du ,du ,du ,du ,du ,du ,du ,
,bist ,bist ,bist ,bist ,bist ,bist ,bist ,bist ,
,sô ,hübsch ,,,hübsch ,,hübsch ,,
,biderb ,,biderb ,biderb ,,biderb ,,biderb ,
,und ,unde ,unde ,unde ,und ,und ,unde ,unde ,
,sô ,,,,,,,,
,guot ,vruot ,guot ,guot ,vruot ,guot ,vruot ,guot ,
v_131 ,v_131 ,v_131 ,v_131 ,v_131 ,v_131 ,v_131 ,v_131 ,v_131 ,
,gewesen ,gewesen ,,,gewesen ,,gewesen ,,
,all ,alle ,alle ,alle ,alle ,alle ,alle ,alle ,
,dîn ,dîne ,dîne ,dîne ,dîne ,dîne ,dîne ,dîne ,
,jâr ,jâr ,jâr ,jâr ,jâr ,jâr ,jâr ,jâr ,
,,,gewesen ,gewesen ,,gewesen ,,gewesen ,
v_132 ,v_132 ,v_132 ,v_132 ,v_132 ,v_132 ,v_132 ,v_132 ,v_132 ,
,dîn ,dîn ,,,dîn ,,dîn ,,
,herz ,werder ,,,werder ,,werder ,,
,,lîp ,,,lîp ,,lîp ,,
,stille ,süeze ,,,süeze ,,süeze ,,
,und ,und ,,,und ,,und ,,
,offenbar ,klar ,,,klar ,,klar ,,
v_133 ,v_133 ,v_133 ,v_133 ,v_133 ,v_133 ,v_133 ,v_133 ,v_133 ,
,hat ,hat ,,,hat ,,hat ,,
,nach ,nach ,,,nach ,,nach ,,
,mir ,mir ,,,mir ,,mir ,,
,gerungen ,gerungen ,,,gerungen ,,gerungen ,,
v_134 ,v_134 ,v_134 ,v_134 ,v_134 ,v_134 ,v_134 ,v_134 ,v_134 ,
,gesprochen ,gesprochen ,,,gesprochen ,,gesprochen ,,
,und ,und ,,,und ,,und ,,
,gesungen ,gesungen ,,,gesungen ,,gesungen ,,
v_135 ,v_135 ,v_135 ,v_135 ,v_135 ,v_135 ,v_135 ,v_135 ,v_135 ,
von ,von ,von ,,,von ,,von ,,
mir ,mir ,mir ,,,mir ,,mir ,,
swaz ,waz ,waz ,,,swaz ,,swaz ,,
er ,ich ,ez ,,,er ,,er ,,
guotes ,guotes ,guotes ,,,guotes ,,guotes ,,
kan ,kan ,kan ,,,kan ,,kan ,,
v_136 ,v_136 ,v_136 ,v_136 ,v_136 ,v_136 ,v_136 ,v_136 ,v_136 ,
du ,du ,du ,,,du ,,du ,,
waerst ,waerst ,waerst ,,,wart ,,waerst ,,
eht ,ouch ,,,,ot ,,,,
ie ,ie ,ie ,,,ie ,,etie ,,
mîn ,mîn ,mîn ,,,mîn ,,mîn ,,
dienestman ,dienestman ,dienestman ,,,dienestman ,,undertan ,,
v_137 ,v_137 ,v_137 ,v_137 ,v_137 ,v_137 ,v_137 ,v_137 ,v_137 ,
den ,den ,den ,,,den ,,den ,,
abent ,abent ,abent ,,,abent ,,abent ,,
und ,und ,und ,,,und ,,und ,,
,den ,den ,,,den ,,den ,,
morgen ,morgen ,morgen ,,,morgen ,,morgen ,,
v_138 ,v_138 ,v_138 ,v_138 ,v_138 ,v_138 ,v_138 ,v_138 ,v_138 ,
du ,du ,du ,,,du ,,du ,,
kundest ,kundest ,kundest ,,,kundest ,,kundest ,,
,,,,,,,vil ,,
wol ,wol ,wol ,,,wol ,,wol ,,
besorgen ,besorgen ,besorgen ,,,besorgen ,,besorgen ,,
v_139 ,v_139 ,v_139 ,v_139 ,v_139 ,v_139 ,v_139 ,v_139 ,v_139 ,
hôhes ,hôhes ,hôhes ,,,hôhes ,,hôhes ,,
lop ,lop ,lop ,,,lop ,,lop ,,
und ,und ,und ,,,und ,,und ,,
werden ,werdes ,werden ,,,werden ,,werden ,,
prîs ,prîs ,prîs ,,,prîs ,,prîs ,,
v_140 ,v_140 ,v_140 ,v_140 ,v_140 ,v_140 ,v_140 ,v_140 ,v_140 ,
du ,du ,du ,,,du ,,du ,,
blüejest ,blüejest ,blüjest ,,,blüejest ,,blüejest ,,
als ,als ,als ,,,als ,,als ,,
ein ,ein ,ein ,,,ein ,,ein ,,
,,,,,,,morgen ,,
meienrîs ,meienrîs ,meienrîs ,,,meienrîs ,,meienrîs ,,
v_141 ,v_141 ,v_141 ,v_141 ,v_141 ,v_141 ,v_141 ,v_141 ,v_141 ,
in ,ir ,in ,,,in ,,in ,,
,,sô ,,,,,,,
manecvalter ,manecvaltiger ,manecvalter ,,,manecvalter ,,manecvaltiger ,,
tugent ,tugent ,tugent ,,,tugent ,,tugende ,,
v_142 ,v_142 ,v_142 ,v_142 ,v_142 ,v_142 ,v_142 ,v_142 ,v_142 ,
du ,du ,du ,,,du ,,du ,,
hast ,hast ,hast ,,,hast ,,hast ,,
von ,von ,von ,,,von ,,von ,,
,,,,,,,hast ,,
kindes ,kindes ,kindes ,,,kindes ,,kindes ,,
jugent ,jugent ,jugent ,,,jugent ,,jugent ,,
v_143 ,v_143 ,v_143 ,v_143 ,v_143 ,v_143 ,v_143 ,v_143 ,v_143 ,
getragen ,getragen ,getragen ,,,getragen ,,getragen ,,
ie ,ie ,ie ,,,ie ,,ie ,,
der ,der ,der ,,,der ,,der ,,
eren ,eren ,eren ,,,eren ,,eren ,,
kranz ,kranz ,kranz ,,,kranz ,,kranz ,,
v_144 ,v_144 ,v_144 ,v_144 ,v_144 ,v_144 ,v_144 ,v_144 ,v_144 ,
dîn ,dîn ,dîn ,,,dîn ,,dîn ,,
sîn ,herz ,herz ,,,sîn ,,sîn ,,
ist ,ist ,ist ,,,ist ,,ist ,,
lûter ,lûter ,lûter ,,,lûter ,,lûter ,,
und ,und ,und ,,,und ,,und ,,
ganz ,ganz ,ganz ,,,ganz ,,ganz ,,
v_145 ,v_145 ,v_145 ,v_145 ,v_145 ,v_145 ,v_145 ,v_145 ,v_145 ,
an ,an ,an ,,,an ,,in ,,
,steten ,,,,,,,,
triuwen ,triuwen ,triuwen ,,,triuwen ,,triuwen ,,
ie ,ie ,,,,ie ,,ie ,,
gegen ,,gegen ,,,gegen ,,an ,,
mir ,,mir ,,,mir ,,mir ,,
gewesen ,gewesen ,gewesen ,,,gewesen ,,gewesen ,,
v_146 ,v_146 ,v_146 ,v_146 ,v_146 ,v_146 ,v_146 ,v_146 ,v_146 ,
vil ,,vil ,,,vil ,,vil ,,
werder ,werder ,werder ,werder ,werder ,werder ,werder ,werder ,werder ,
ritter ,ritter ,ritter ,ritter ,ritter ,ritter ,ritter ,ritter ,ritter ,
ûzerlesen ,ûzerlesen ,ûzerlesen ,ûzerlesen ,ûzerlesen ,ûzerlesen ,ûzerlesen ,ûzerlesen ,ûzerlesen ,
v_147 ,v_147 ,v_147 ,v_147 ,v_147 ,v_147 ,v_147 ,v_147 ,v_147 ,
darumbe ,darumbe ,darumbe ,darumbe ,darumbe ,darumbe ,darumbe ,darumbe ,darumbe ,
bin ,bin ,bin ,bin ,bin ,bin ,bin ,bin ,bin ,
ich ,ich ,ich ,ich ,ich ,ich ,ich ,ich ,ich ,
komen ,komen ,komen ,komen ,komen ,komen ,komen ,komen ,komen ,
her ,her ,her ,her ,her ,her ,her ,her ,her ,
v_148 ,v_148 ,v_148 ,v_148 ,v_148 ,v_148 ,v_148 ,v_148 ,v_148 ,
daz ,daz ,daz ,daz ,daz ,daz ,daz ,daz ,daz ,
du ,du ,du ,du ,du ,du ,du ,du ,du ,
nach ,nach ,nach ,nach ,nach ,nach ,nach ,nach ,nach ,
dînes ,dînes ,dînes ,dînes ,dînes ,dînes ,dûnes ,dînes ,dînes ,
herzen ,herzen ,herzen ,herzen ,herzen ,herzen ,herzen ,herzen ,herzen ,
ger ,ger ,ger ,ger ,ger ,ger ,ger ,ger ,ger ,
,,,v_150 ,,,v_150 ,,,
,,,schouwest ,,,schouwest ,,,
,,,wider ,,,wider ,,,
,,,unde ,,,unde ,,,
,,,vür ,,,vür ,,,
v_149 ,v_149 ,v_149 ,v_149 ,v_149 ,v_149 ,v_149 ,v_149 ,v_149 ,
mînen ,mîn ,mînen ,mînen ,mînen ,mînen ,mînen ,mînen ,mînen ,
lîp ,lîp ,lîp ,lîp ,lîp ,lîp ,lîp ,lîp ,lîp ,
von ,nach ,von ,von ,in ,von ,in ,in ,in ,
hôher ,hôher ,hôher ,hôher ,hôher ,hôher ,hôher ,hôher ,hôher ,
kür ,kür ,kür ,kür ,kür ,kür ,kür ,kür ,kür ,
v_150 ,v_150 ,v_150 ,,v_150 ,v_150 ,,v_150 ,v_150 ,
beschouwest ,beschouwest ,schouwest ,,schouwest ,beschouwest ,,beschouwest ,schoenest ,
wider ,hinden ,wider ,,wider ,wider ,,wider ,wider ,
und ,und ,und ,,unde ,unde ,,unde ,unde ,
vür ,vür ,vür ,,vür ,vür ,,vür ,vür ,
v_151 ,v_151 ,v_151 ,v_151 ,v_151 ,v_151 ,v_151 ,v_151 ,v_151 ,
wie ,wie ,wie ,wie ,wie ,wie ,wie ,wie ,wie ,
schoen ,schoen ,schoen ,schoen ,schoene ,schoen ,schoen ,schoen ,schoen ,
ich ,ich ,ich ,er ,er ,ich ,er ,ich ,er ,
sei ,sei ,bin ,sei ,sei ,sei ,sei ,bin ,sei ,
wie ,wie ,wie ,wie ,wie ,wie ,wie ,wie ,wie ,
volkomen ,volkomen ,volkomen ,volkomen ,volkomen ,volchomen,volkomen ,volkomen ,volkomen ,
,,,,,. ,,,,
v_152 ,v_152 ,v_152 ,v_152 ,v_152 ,v_152 ,v_152 ,v_152 ,v_152 ,
den ,den ,den ,den ,den ,den ,den ,den ,den ,
rîchen ,rîchen ,rîchen ,hôhen ,hôhen ,rîchen ,hôhen ,hôhen ,hôhen ,
lôn ,lôn ,lôn ,lôn ,lôn ,lôn ,lôn ,lôn ,lôn ,
den ,den ,den ,den ,der ,den ,der ,den ,den ,
grozen ,hôhen ,hôhen ,werden ,werden ,grozen ,werden ,rîchen ,werden ,
vromen ,vromen ,vromen ,vromen ,vromen ,vromen ,vromen ,vromen ,vromen ,
v_153 ,v_153 ,v_153 ,v_153 ,v_153 ,v_153 ,v_153 ,v_153 ,v_153 ,
den ,den ,den ,der ,der ,den ,der ,den ,den ,
du ,du ,du ,dir ,doch ,du ,dich ,du ,du ,
von ,vo,von ,von ,,,,,,
,̄,,mir ,,,,,,
,n ,,von ,von ,von ,von ,von ,von ,
mir ,mir ,mir ,mir ,mir ,mir ,mir ,mir ,mir ,
enphâhen ,enphâhen ,enphâhen ,geschehen ,geziehen ,enphâhen ,geziehen ,enphâhen ,geziehen ,
maht ,maht ,maht ,maht ,maht ,maht ,maht ,maht ,maht ,
v_154 ,v_154 ,v_154 ,v_154 ,v_154 ,v_154 ,v_154 ,v_154 ,v_154 ,
umbe ,umbe ,umbe ,umbe ,umbe ,umbe ,umbe ,durch ,umbe ,
,,,,,,deinen ,,,
dînen ,dînen ,dînen ,dînen ,dînen ,dînen ,dînen ,dînen ,dînen ,
dienest ,dienst ,dienst ,dienst ,dienst ,dienst ,dienst ,dienst ,dienst ,
wol ,wol ,vil ,vil ,vil ,wol ,vil ,sô ,vil ,
geslaht ,geslaht ,geschaft ,geslaht ,geslaht ,geslaht ,geslaht ,tugenthaft ,geslaht ,
v_155 ,v_155 ,v_155 ,v_155 ,v_155 ,v_155 ,v_155 ,v_155 ,v_155 ,
den ,den ,den ,den ,den ,den ,den ,den ,den ,
solt ,solt ,solt ,solt ,solt ,solt ,solt ,solt ,solt ,
du ,du ,du ,du ,du ,du ,du ,du ,du ,
schouwen ,schouwen ,schouwen ,schouwen ,schowen ,schouwen ,schouwen ,schouwen ,schouwen ,
unde ,unde ,unde ,unde ,unde ,unde ,unde ,unde ,unde ,
spaehen ,spaehen ,sehen ,spehen ,spehen ,spaehen ,spaehen ,spaehen ,spaehen ,
v_156 ,v_156 ,v_156 ,v_156 ,v_156 ,v_156 ,v_156 ,v_156 ,v_156 ,
ich ,ich ,ich ,ich ,ich ,ich ,ich ,ich ,ich ,
wil ,wil ,wil ,wil ,wil ,wil ,wil ,wil ,wil ,
dich ,dich ,dich ,dir ,dir ,dich ,dir ,dich ,dir ,
gerne ,gerner ,gern ,gerne ,gerne ,gern ,gerne ,iezuo ,gerne ,
lâzen ,lâzen ,lâzen ,hier ,hier ,lâzen ,hier ,lâzen ,hier ,
sehen ,sehen ,spaehen ,verjehen ,verjehen ,sehen ,verjehen ,sehen ,verjehen ,
v_157 ,v_157 ,v_157 ,v_157 ,v_157 ,v_157 ,v_157 ,v_157 ,v_157 ,
waz ,waz ,waz ,waz ,waz ,waz ,waz ,waz ,waz ,
lônes ,lônes ,lônes ,lônes ,lônes ,lônes ,lônes ,lônes ,lônes ,
dir ,dir ,dir ,dir ,dir ,dir ,dir ,dir ,dir ,
geziehen ,geschehen ,geziehen ,geschehen ,geziehen ,geziehen ,geziehen ,gevallen ,geziehen ,
sol ,sol ,sol ,sol ,sol ,sol ,sol ,sol ,sol ,
v_158 ,v_158 ,v_158 ,v_158 ,v_158 ,v_158 ,v_158 ,v_158 ,v_158 ,
du ,du ,du ,du ,du ,du ,du ,du ,du ,
hast ,hast ,hast ,hast ,hast ,hast ,hast ,hast ,hast ,
gedienet ,gedienet ,gedienet ,gedienet ,gedienet ,gedienet ,gedienet ,gedienet ,gedienet ,
mir ,mir ,mir ,mir ,mir ,mir ,mir ,mir ,mir ,
sô ,sô ,sô ,sô ,sô ,sô ,sô ,sô ,sô ,
wol ,wol ,wol ,wol ,wol ,wol ,wol ,wol ,wol ,
v_159 ,v_159 ,v_159 ,v_159 ,v_159 ,v_159 ,v_159 ,v_159 ,v_159 ,
,,daz ,,,,,,,
,,ich ,,,,,,,
,,dir ,,,,,,,
,,sîn ,,,,,,,
,,wil ,,,,,,,
,,danken ,,,,,,,
v_160 ,v_160 ,v_160 ,v_160 ,v_160 ,v_160 ,v_160 ,v_160 ,v_160 ,
,,sîn ,,,,,,,
,,gemuot ,,,,,,,
,,begunde ,,,,,,,
,,wanken ,,,,,,,
v_161 ,v_161 ,v_161 ,v_161 ,v_161 ,v_161 ,v_161 ,v_161 ,v_161 ,
,,und ,,,,,,,
den ,dem ,den ,den ,den ,den ,den ,den ,der ,
,ritter ,,ritter ,ritter ,herren ,ritter ,,ritter ,
,,,tugentlichen ,,edeln ,,,,
edeln ,edel ,,den ,,edeln ,,edeln ,,
herren ,,herren ,na ,,herren ,,herren ,,
tugentrîche ,tugentlich ,tugentrîche ,,tugentrîch ,tugentrîch ,tugentrîch ,tugentrîch ,tugentrîch ,
v_162 ,v_162 ,v_162 ,v_162 ,v_162 ,v_162 ,v_162 ,v_162 ,v_162 ,
,,,den ,den ,,den ,den ,vervient ,
dûhte ,dûhte ,dûhte ,,,dûhte ,,dûhte ,,
,,,nam ,nam ,,nam ,sô ,,
harte ,harte ,harte ,gar ,gar ,harte ,gar ,harte ,gar ,
wunderlich ,wunderlich ,wunderlich ,wunderlichen ,wunderlich ,wunderliich ,wunderlich ,wunderlich ,wunderlich ,
v_163 ,v_163 ,v_163 ,v_163 ,v_163 ,v_163 ,v_163 ,v_163 ,v_163 ,
,diser ,der ,diser ,diser ,diser ,diser ,diser ,diser ,
,,,schoenen ,,,,,,
,vrouwen ,vrouwen ,vrouwen ,vrouwen ,vrouwen ,vrouwen ,vrouwen ,vrouwen ,
,teidinc ,teidinc ,dinc ,teidinc ,teidinc ,teidinc ,teidinc ,teidinc ,
v_164 ,v_164 ,v_164 ,v_164 ,v_164 ,v_164 ,v_164 ,v_164 ,v_164 ,
,wann ,wann ,wann ,wann ,wann ,wann ,wann ,wann ,
,sie ,sie ,,,sie ,,sie ,,
,der ,der ,der ,der ,der ,der ,der ,der ,
,selbe ,,selbe ,selbe ,selbe ,selbe ,selbe ,selbe ,
,jungelinc ,jungelinc ,jungelinc ,jungelinc ,jungelinc ,jungelinc ,jungelinc ,jungelinc ,
v_165 ,v_165 ,v_165 ,v_165 ,v_165 ,v_165 ,v_165 ,v_165 ,v_165 ,
,,davor ,sie ,sie ,,sie ,,sie ,
,mit ,mit ,mit ,mit ,mit ,mit ,mit ,mit ,
,sînen ,,,,sînen ,,sînen ,,
,ougen ,ougen ,ougen ,ougen ,ougen ,ougen ,ougen ,ougen ,
,nie ,nie ,nie ,nie ,nie ,nie ,nie ,nie ,
,gesach ,gesach ,gesach ,gesach ,gesach ,gesach ,gesach ,gesach ,
v_166 ,v_166 ,v_166 ,v_166 ,v_166 ,v_166 ,v_166 ,v_166 ,v_166 ,
,und ,und ,und ,und ,und ,und ,und ,und ,
,,,daz ,,,,,,
,doch ,doch ,doch ,doch ,doch ,doch ,doch ,doch ,
,diu ,diu ,diu ,diu ,diu ,diu ,die ,die ,
,selbe ,selbe ,,selbe ,selbe ,selbe ,schoene ,selbe ,
,vrouwe ,vrouwe ,vrouwe ,vrouwe ,vrouwe ,vrouwe ,vrouwe ,vrouwe ,
,sprach ,sprach ,jach ,jach ,sprach ,jach ,sprach ,jach ,
v_167 ,v_167 ,v_167 ,v_167 ,v_167 ,v_167 ,v_167 ,v_167 ,v_167 ,
,er ,er ,er ,ir ,er ,ir ,er ,er ,
,waere ,waere ,waere ,waert ,waere ,waere ,waere ,macht ,
,ir ,ir ,ir ,ir ,ir ,ir ,ir ,ir ,
,dienstman ,dienstman ,dienstman ,dienstman ,dienstman ,dienatman ,dienstman ,dienstman ,
,sîn ,gesîn ,gesîn ,gesîn ,gesîn ,gesîn ,gesîn ,gesîn ,
v_168 ,v_168 ,v_168 ,v_168 ,v_168 ,v_168 ,v_168 ,v_168 ,v_168 ,
,dô ,er ,er ,er ,er ,er ,er ,er ,
,sprach ,sprach ,sprach ,sprach ,sprach ,sprach ,sprach ,sprach ,
,,,,,,,,vrouwe ,
,er ,genade ,genade ,genade ,genade ,genade ,genade ,genade ,
,vrouwe ,vrouwe ,vrouwe ,vrouwe ,vrouwe ,vrouwe ,vrouwe ,,
,mîn ,mîn ,mîn ,mîn ,mîn ,mîn ,mîn ,mîn ,
v_169 ,v_169 ,v_169 ,v_169 ,v_169 ,v_169 ,v_169 ,v_169 ,v_169 ,
,hân ,habe ,hân ,hân ,hân ,hân ,habe ,hân ,
,ich ,ich ,ich ,ich ,ich ,ich ,ich ,ich ,
,iuch ,iuch ,iuch ,iuch ,iu ,iuch ,iuch ,iuch ,
,gedienet ,gedienet ,gedienet ,gedienet ,gedienet ,gedienet ,gedienet ,gedienet ,
,iht ,iht ,iht ,iht ,iht ,iht ,iht ,iht ,
v_170 ,v_170 ,v_170 ,v_170 ,v_170 ,v_170 ,v_170 ,v_170 ,v_170 ,
,triuwen ,entriuwen ,entriuwen ,entriuwen ,entriuwen ,entriuwen ,entriuwen ,entriuwen ,
,dez ,dez ,dez ,dez ,dez ,dez ,dez ,dez ,
,weiz ,enweiz ,enweiz ,enweiz ,enweiz ,enweiz ,enweiz ,enweiz ,
,ich ,ich ,ich ,ich ,ich ,ich ,ich ,ich ,
,niht ,niht ,niht ,niht ,niht ,niht ,niht ,niht ,
v_171 ,v_171 ,v_171 ,v_171 ,v_171 ,v_171 ,v_171 ,v_171 ,v_171 ,
,mich ,mich ,mich ,mich ,mich ,mich ,mich ,mich ,
,dunket ,dunket ,dunket ,dunket ,dunket ,dunket ,dunket ,dunket ,
,sunder ,ane ,ane ,ane ,ane ,ane ,ane ,ane ,
,lougen ,lougen ,lougen ,lougen ,lougen ,lougen ,lougen ,lougen ,
v_172 ,v_172 ,v_172 ,v_172 ,v_172 ,v_172 ,v_172 ,v_172 ,v_172 ,
,daz ,daz ,daz ,daz ,daz ,daz ,daz ,daz ,
,ich ,ich ,ich ,ich ,ich ,ich ,ich ,ich ,
,,,iuch ,iuch ,,iuch ,,iuch ,
,mit ,mit ,mit ,mit ,mit ,mit ,mit ,mit ,
,mîn ,mînen ,mînen ,mînen ,mînen ,mînen ,mînen ,,
,ougen ,ougen ,ougen ,ougen ,ougen ,ougen ,ougen ,ougen ,
v_173 ,v_173 ,v_173 ,v_173 ,v_173 ,v_173 ,v_173 ,v_173 ,v_173 ,
,iuch ,iuch ,hân ,habe ,iuch ,habe ,iuch ,hân ,
,vil ,vil ,vil ,vil ,vil ,vil ,vil ,,
,selten ,selten ,selten ,selten ,selten ,selten ,selten ,vilten ,
,hân ,hân ,nie ,nie ,hân ,nie ,habe ,nie ,
,gesehen ,gesehen ,gesehen ,gesehen ,gesehen ,gesehen ,gesehen ,gesehen ,
v_174 ,v_174 ,v_174 ,v_174 ,v_174 ,v_174 ,v_174 ,v_174 ,v_174 ,
,sît ,sît ,sît ,sît ,sît ,sît ,sît ,sît ,
,,aber ,aber ,aber ,daz ,aber ,aber ,aber ,
,ir ,ir ,ir ,ir ,ir ,ir ,iuch ,ir ,
,aber ,,,,,,,,
,geruochet ,geruochet ,geruochet ,geruochet ,geruochet ,geruochet ,geruoches ,geruochet ,
,jehen ,jehen ,jehen ,jehen ,jehen ,jehen ,jehen ,jehen ,
v_175 ,v_175 ,v_175 ,v_175 ,v_175 ,v_175 ,v_175 ,v_175 ,v_175 ,
,mîn ,mîn ,mîn ,mîn ,mîn ,mîn ,mîn ,mîn ,
,zuo ,zuo ,zuo ,zuo ,zuo ,zuo ,zuo ,zuo ,
,kneht ,dienste ,kneht ,knehte ,kneht ,kneht ,kneht ,kneht ,
,selic ,selic ,selic ,selic ,selic ,selic ,selic ,selic ,
,wîp ,wîp ,wîp ,wîp ,wîp ,wîp ,wîp ,wîp ,
v_176 ,v_176 ,v_176 ,v_176 ,v_176 ,v_176 ,v_176 ,v_176 ,v_176 ,
,sô ,sô ,sô ,sô ,dez ,sô ,sô ,sô ,
,sol ,sol ,sol ,sol ,sol ,sol ,sol ,sol ,
,mîn ,mîn ,mîn ,mîn ,mîn ,mîn ,mîn ,mîn ,
,herz ,herz ,sele ,sele ,herze ,sele ,herze ,sele ,
,und ,und ,und ,und ,und ,und ,und ,und ,
,,,ouch ,ouch ,,ouch ,,ouch ,
,mîn ,mîn ,mîn ,mîn ,mîn ,mîn ,mîn ,mîn ,
,lîp ,lîp ,lîp ,lîp ,lîp ,lîp ,lîp ,lîp ,
v_177 ,v_177 ,v_177 ,v_177 ,v_177 ,v_177 ,v_177 ,v_177 ,v_177 ,
,,,,,,,zuo ,,
,iuch ,iuch ,iuch ,iuch ,iuch ,iuch ,iuch ,iuch ,
,zu ,zuo ,zuo ,zuo ,zuo ,zuo ,zuo ,zuo ,
,dinſt ,dienste ,dienste ,dienste ,dienste ,dienste ,dienste ,dienste ,
,sîn ,sîn ,sîn ,sîn ,sîn ,sîn ,sîn ,sîn ,
,bereit ,bereit ,bereit ,bereit ,bereit ,bereit ,bereit ,bereit ,
v_178 ,v_178 ,v_178 ,v_178 ,v_178 ,v_178 ,v_178 ,v_178 ,v_178 ,
,in ,mit ,mit ,mit ,mit ,mit ,mit ,mit ,
,minneclicher ,williclicher ,willeclicher ,volleclicher ,willeclicher ,willeclicher ,willeclicher ,volliclicher ,
,arbeit ,arbeit ,arbeit ,arbeit ,arbeit ,arbeit ,arbeit ,arbeit ,
v_179 ,v_179 ,v_179 ,v_179 ,v_179 ,v_179 ,v_179 ,v_179 ,v_179 ,
,immer ,,immer ,immer ,,immer ,,immer ,
,,untz ,biz ,untz ,untz ,untz ,biz ,untz ,
,ûf ,ûf ,an ,an ,ûf ,an ,ûf ,an ,
,mînes ,mînes ,mînes ,mînes ,mînes ,mînes ,mînes ,mîn ,
,todes ,endez ,todes ,endes ,todes ,endes ,todes ,endes ,
,ziel ,zil ,zil ,zil ,zil ,zil ,zil ,zil ,
v_180 ,v_180 ,v_180 ,v_180 ,v_180 ,v_180 ,v_180 ,v_180 ,v_180 ,
,ir ,ir ,ir ,ir ,ir ,ir ,ir ,ir ,
,habt ,habt ,habt ,habt ,habt ,habt ,habt ,habt ,
,hôhes ,sô ,sô ,sô ,sô ,sô ,sô ,sô ,
,lobes ,hôher ,hôher ,hôher ,hôher ,hôher ,hôher ,hôher ,
,,saelden ,vrouden ,vrouden ,saelden ,vrouden ,saelden ,vrouden ,
,vil ,vil ,vil ,vil ,vil ,vil ,vil ,vil ,
v_181 ,v_181 ,v_181 ,v_181 ,,v_181 ,v_181 ,v_181 ,v_181 ,
,und ,und ,und ,,und ,und ,und ,und ,
,sô ,sô ,alsô ,,als ,alsô ,als ,alsô ,
,manecvalte ,manecvalte ,wunnecliche ,,manecvalte ,wunnecliche ,manecvaltec ,wunnecliche ,
,tugent ,tugent ,jugent ,,tugent ,iugent ,tugent ,jugent ,
v_182 ,v_182 ,v_182 ,v_182 ,v_182 ,v_182 ,v_182 ,v_182 ,v_182 ,
,daz ,daz ,daz ,daz ,daz ,daz ,daz ,daz ,
,iuwer ,iuwer ,iuwer ,iuwer ,iuwer ,iuwer ,iuwer ,iuwer ,
,vröude ,reine ,vröudenbernde ,vröudenbernde ,vröude ,vröudebernde ,vröudebernde ,vröudenbernde ,
,iuwer ,süeze ,tugent ,tugent ,blüende ,tugent ,,tugent ,
,,,,v_181 ,,,,,
,,,,und ,,,,,
,,,,alsô ,,,,,
,,,,wunnecliche ,,,,,
,jugent ,jugent ,,jugent ,jugent ,,jugent ,,
v_183 ,v_183 ,v_183 ,v_183 ,v_183 ,v_183 ,v_183 ,v_183 ,v_183 ,
,mir ,mir ,mir ,mir ,mir ,mir ,mir ,mir ,
,sîn ,vil ,sô ,vil ,vil ,vil ,vil ,,
,wol ,wol ,wol ,wol ,wol ,wol ,wol ,vol ,
,gelônen ,gelônen ,gehelfen ,gehelfen ,gelônen ,gehelfen ,gelônen ,gehelfen ,
,mac ,mac ,mac ,mac ,mac ,mac ,mac ,mac ,
v_184 ,v_184 ,v_184 ,v_184 ,v_184 ,v_184 ,v_184 ,v_184 ,v_184 ,
,,,,sô ,ja ,sô ,,sô ,
,wol ,wol ,wol ,wol ,wol ,wol ,wol ,wol ,
,mich ,mir ,mich ,mich ,mich ,mich ,mich ,mich ,
,daz ,daz ,daz ,daz ,daz ,daz ,daz ,daz ,
,ich ,ich ,ich ,ich ,ich ,ich ,ich ,ich ,
,disen ,disen ,disen ,disen ,disen ,disen ,disen ,disen ,
,tac ,tac ,tac ,tac ,tac ,tac ,tac ,tac ,
v_185 ,v_185 ,v_185 ,v_185 ,v_185 ,v_185 ,v_185 ,v_185 ,v_185 ,
,,,hân ,hân ,,hân ,,hân ,
,gelebet ,gelebet ,gelebet ,gelebet ,gelebet ,gelebet ,gelebet ,gelebet ,
,hân ,hân ,,,hân ,,ie ,,
,des ,des ,des ,des ,des ,des ,daz ,des ,
,vreue ,vreue ,bin ,bin ,vreue ,bin ,,pin ,
,ich ,ich ,ich ,ich ,ich ,ich ,ich ,ich ,
,mich ,mich ,vro ,vro ,mich ,vro ,mich ,vro ,
v_186 ,v_186 ,v_186 ,v_186 ,v_186 ,v_186 ,v_186 ,v_186 ,v_186 ,
,genade ,sît ,der ,der ,sît ,der ,sît ,der ,
,,daz ,ritter ,ritter ,daz ,ritter ,daz ,ritter ,
,,ir ,sprach ,sprach ,ir ,sprach ,ir ,sprach ,
,vrouwe ,vrouwe ,mit ,mit ,vrouwe ,mit ,vrouwe ,mit ,
,minneclich ,minneclich ,zuchten ,zuchten ,minneclich ,zuchten ,minneclich ,zuchten ,
,,,dô ,dô ,,dô ,,dô ,
v_187 ,v_187 ,v_187 ,v_187 ,v_187 ,v_187 ,v_187 ,v_187 ,v_187 ,
,,mînen ,,,mînen ,,mînen ,,
,,dienst ,,,dienst ,,dienst ,,
,,enphâhen ,,,enphâhen ,,enphâhen ,,
,,werlt ,,,werlt ,,werlt ,,
v_188 ,v_188 ,v_188 ,v_188 ,v_188 ,v_188 ,v_188 ,v_188 ,v_188 ,
,,vrouwe ,,,vrouwe ,,vrouwe ,,
,,an ,,,an ,,an ,,
,,tugent ,,,tugenden ,,tugende ,,
,,ûzerzelt ,,,ûzgezelt ,,ûzerwelt ,,
v_189 ,v_189 ,v_189 ,v_189 ,v_189 ,v_189 ,v_189 ,v_189 ,v_189 ,
,gerouchet ,gerouchent ,gerouchet ,gerouchet ,gerouchet ,gerouchet ,sô ,gerouchet ,
,,,,,,,rukent ,,
,konden ,künden ,,,kunden ,,kunden ,,
,mir ,mir ,mir ,mir ,mir ,mir ,mir ,mir ,
,,,zuo ,zuo ,,zuo ,,zuo ,
,,,sagen ,sagen ,,sagen ,,sagen ,
,ein ,ein ,ein ,ein ,ein ,ein ,ein ,ein ,
,teil ,teil ,teil ,teil ,teil ,teil ,teil ,teil ,
v_190 ,v_190 ,v_190 ,v_190 ,v_190 ,v_190 ,v_190 ,v_190 ,v_190 ,
,durch ,durch ,durch ,durch ,durch ,durch ,durch ,durch ,
,daz ,daz ,iuwer ,iuwer ,daz ,iuwer ,daz ,wer ,
,wunnenbernde ,wunnenbernde ,wunnenbernde ,wunnenberndes ,wunnenbernde ,wunnenberndes ,wunnenbernde ,wundenberndes ,
,heil ,heil ,heil ,heil ,heil ,heil ,heil ,heil ,
v_191 ,v_191 ,v_191 ,v_191 ,v_191 ,v_191 ,v_191 ,v_191 ,v_191 ,
,daz ,daz ,daz ,daz ,daz ,daz ,daz ,daz ,
,an ,an ,an ,an ,an ,an ,an ,an ,
,iuch ,iuch ,iuch ,iuch ,iuch ,iuch ,iuch ,iuch ,
,werde ,werde ,hôhe ,hôhe ,schoene ,hôhe ,schoene ,hôhe ,
,vrouwe ,vrouwe ,vröude ,vrouwe ,vrouwe ,vrouwe ,vrouwe ,vröude ,
,lît ,lît ,lît ,lît ,lît ,lît ,lît ,lît ,
v_192 ,v_192 ,v_192 ,v_192 ,v_192 ,v_192 ,v_192 ,v_192 ,v_192 ,
,,von ,von ,,von ,,von ,,
,wann ,wannen ,wannen ,wannen ,wannen ,wannen ,wannen ,wannen ,
,ir ,ir ,ir ,ir ,ir ,ir ,ir ,ir ,
,geheizen ,geheizen ,geheizen ,geheizen ,geheizen ,geheizen ,geheizen ,geheizen ,
,sît ,sît ,sît ,sît ,sît ,sît ,sît ,sît ,
v_193 ,v_193 ,v_193 ,v_193 ,v_193 ,v_193 ,v_193 ,v_193 ,v_193 ,
,oder ,alder ,oder ,oder ,oder ,oder ,oder ,oder ,
,,,,,von ,,,,
,,,wannen ,wannen ,wannen ,wannen ,,wannen ,
,wie ,wie ,daz ,daz ,,daz ,wie ,daz ,
,ir ,ir ,ir ,,ir ,,ir ,,
,sît ,sît ,sît ,sei ,sît ,sei ,sint ,sei ,
,genant ,genant ,genant ,genant ,genant ,genant ,genant ,genant ,
v_194 ,v_194 ,v_194 ,v_194 ,v_194 ,v_194 ,v_194 ,v_194 ,v_194 ,
,iuwer ,iuwer ,iuwer ,iuwer ,iuwer ,iuwer ,iuwer ,iuwer ,
,name ,name ,namen ,name ,name ,name ,namen ,name ,
,und ,und ,und ,und ,und ,und ,und ,und ,
,iuwer ,iuwer ,iuwer ,iuwer ,iuwer ,iuwer ,iuwer ,iuwer ,
,lant ,lant ,lant ,lant ,lant ,lant ,lant ,lant ,
v_195 ,v_195 ,v_195 ,v_195 ,v_195 ,v_195 ,v_195 ,v_195 ,v_195 ,
daz ,,,,,daz ,,,,
werde ,werden ,werdent ,,,werde ,,werde ,,
mir ,mir ,mir ,,,mir ,,mir ,,
hier ,die ,hier ,,,hier ,,hier ,,
kunt ,kunt ,kunt ,,,kunt ,,kunt ,,
getan ,getan ,getan ,,,getan ,,getan ,,
v_196 ,v_196 ,v_196 ,v_196 ,v_196 ,v_196 ,v_196 ,v_196 ,v_196 ,
durch ,,durch ,,,durch ,,durch ,,
daz ,daz ,daz ,,,daz ,,daz ,,
ich ,ich ,ich ,,,ich ,,ich ,,
,wizze ,wizze ,,,wizze ,,wizze ,,
sunder ,sunder ,sunder ,,,sunder ,,sunder ,,
wân ,wân ,wân ,,,wân ,,wân ,,
v_197 ,v_197 ,v_197 ,v_197 ,v_197 ,v_197 ,v_197 ,v_197 ,v_197 ,
ob ,ob ,ob ,ob ,ob ,ob ,ob ,ob ,ob ,
ich ,ich ,ich ,ich ,ich ,ich ,ich ,ich ,ich ,
in ,bî ,in ,bî ,bî ,in ,bî ,bî ,bî ,
allen ,allen ,allen ,allen ,allen ,allen ,allen ,allen ,allen ,
mînen ,mînen ,mînen ,mînen ,mînen ,mînen ,mînen ,mînen ,mînen ,
tagen ,tagen ,tagen ,tagen ,tagen ,tagen ,tagen ,tagen ,tagen ,
v_198 ,v_198 ,v_198 ,v_198 ,v_198 ,v_198 ,v_198 ,v_198 ,v_198 ,
ie ,,ie ,ie ,ie ,ie ,ie ,ie ,ie ,
von ,von ,von ,von ,von ,von ,von ,von ,von ,
iuch ,iuch ,iuch ,iuch ,iuch ,iuch ,iuch ,iuch ,iuch ,
,ie ,,,,,,,,
gehôrte ,gehôrte ,gehôrte ,hôrte ,gehôrte ,gehôrte ,gehôrte ,hôrte ,gehôrte ,
,,,singen ,singen ,,singen ,,,
,,,oder ,oder ,,oder ,,,
sagen ,sagen ,sagen ,sagen ,sagen ,sagen ,gesagen ,gesagen ,sagen ,
v_199 ,v_199 ,v_199 ,v_199 ,v_199 ,v_199 ,v_199 ,v_199 ,v_199 ,
des ,des ,des ,v_200 ,v_200 ,des ,v_200 ,dez ,v_200 ,
antworte ,antworte ,antworte ,,,antworte ,,antworte ,,
im ,im ,im ,v_201 ,v_201 ,im ,v_201 ,im ,v_201 ,
diu ,die ,die ,diu ,diu ,diu ,diu ,diu ,diu ,
schoene ,vrouwe ,vrouwe ,vrouwe ,vrouwe ,schone ,vrouwe ,vrouwe ,vrouwe ,
dô ,dô ,dô ,,,dô ,,dô ,,
v_200 ,v_200 ,v_200 ,,,v_200 ,,v_200 ,,
sie ,sie ,und ,,,sie ,,und ,,
sprach ,sprach ,sprach ,sprach ,sprach ,sprach ,sprach ,sprach ,sprach ,
,mit ,,,,,,,,
gezogenlich ,süezer ,gezogenlich ,,,gezogenlich ,,gezogenlich ,,
,rede ,,,,,,,,
alsô ,alsô ,alsô ,,,alsô ,,alsô ,,
v_201 ,v_201 ,v_201 ,,,v_201 ,,v_201 ,,
vil ,,vil ,,,vil ,,vil ,,
lieber ,lieber ,lieber ,,,lieber ,,lieber ,,
vriunt ,vriunt ,vriunt ,,,vriunt ,,vriunt ,,
daz ,daz ,daz ,daz ,daz ,daz ,daz ,daz ,daz ,
sol ,sol ,sol ,sol ,sol ,sol ,sol ,sol ,sol ,
geschehen ,geschehen ,geschehen ,geschehen ,geschehen ,geschehen ,geschehen ,geschehen ,geschehen ,
v_202 ,v_202 ,v_202 ,v_202 ,v_202 ,v_202 ,v_202 ,v_202 ,v_202 ,
ich ,ich ,ich ,ich ,ich ,ich ,ich ,ich ,ich ,
wil ,wil ,wil ,wil ,wil ,wil ,wil ,wil ,wil ,
die ,dir ,dir ,dir ,dir ,dir ,dir ,dir ,dir ,
gerne ,gerne ,gerne ,gerne ,gerne ,gern ,gerne ,gerne ,gerne ,
hier ,,hier ,hier ,hie ,alhier ,hier ,hier ,hier ,
bejehen ,verrüefen ,verriechen ,verjehen ,verjehen ,verjehen ,verjehen ,verjehen ,verjehen ,
v_203 ,v_203 ,v_203 ,v_203 ,v_203 ,v_203 ,v_203 ,v_203 ,v_203 ,
mînes ,mînes ,mînes ,mînes ,mînes ,mînes ,mînes ,mînes ,mînes ,
hôchgelopten ,hôchgelopten ,hôchgelopten ,hôchgelopten ,hôchgelopten ,hôchgelopten ,hôchgelopten ,hôchgelopten ,hôchgelopten ,
namen ,namen ,namen ,namen ,namen ,namen ,namen ,namen ,namen ,
v_204 ,v_204 ,v_204 ,v_204 ,v_204 ,v_204 ,v_204 ,v_204 ,v_204 ,
du ,du ,du ,du ,du ,du ,du ,du ,du ,
endarft ,darft ,bedarft ,darft ,darft ,endarft ,darft ,darft ,darft ,
dich ,dich ,dich ,dich ,dich ,dich ,dich ,dich ,dich ,
nimmer ,mîn ,nimmer ,sîn ,sîn ,nimmer ,sîn ,nimmer ,sîn ,
dez ,niht ,dez ,niht ,niht ,dez ,niht ,dez ,niht ,
geschamen ,schamen ,geschamen ,schamen ,schamen ,geschamen ,schamen ,geschamen ,schamen ,
v_205 ,v_205 ,v_205 ,v_205 ,v_205 ,v_205 ,v_205 ,v_205 ,v_205 ,
ob ,daz ,daz ,daz ,daz ,ob ,daz ,ob ,daz ,
du ,du ,du ,du ,du ,du ,du ,du ,du ,
mir ,mir ,mir ,mir ,mir ,mir ,mir ,mir ,mir ,
undertaenic ,undertaenic ,undertaenic ,undertaenic ,undertaenic ,undertaenic ,undertaenic ,undertaenic ,undertaenic ,
bist ,bist ,bist ,bist ,bist ,bist ,bist ,bist ,bist ,
v_206 ,v_206 ,v_206 ,v_206 ,v_206 ,v_206 ,v_206 ,v_206 ,v_206 ,
mir ,mir ,mir ,mir ,mir ,mir ,mir ,mir ,mi,
,,,,,,,,ͤ,
,,,,,,,,r ,
dienet ,dient ,dienet ,dienet ,dienet ,dienet ,dienet ,dienet ,dient ,
swaz ,waz ,waz ,swaz ,swaz ,swaz ,swaz ,swaz ,waz ,
ûf ,ûff ,ûf ,ûf ,ûf ,ûf ,ûf ,ûf ,ûf ,
erde ,erden ,erd ,erden ,erden ,erde ,erden ,erden ,erden ,
ist ,ist ,ist ,ist ,ist ,ist ,ist ,ist ,ist ,
v_207 ,v_207 ,v_207 ,v_207 ,v_207 ,v_207 ,v_207 ,v_207 ,v_207 ,
hordes ,hordes ,hordez ,hordes ,hordes ,hordes ,hordes ,hordes ,hortes ,
unde ,und ,und ,oder ,oder ,und ,oder ,und ,und ,
g,guotes ,guotes ,gu,guotes ,gu,guotes ,g,guetes ,
,,,ͦ,,ͦ,,,,
tes ,,,tes ,,etes ,,tes ,,
v_208 ,v_208 ,v_208 ,v_208 ,v_208 ,v_208 ,v_208 ,v_208 ,v_208 ,
ich ,ich ,ich ,ich ,ich ,ich ,ich ,ich ,ich ,
bin ,bin ,bin ,bin ,bin ,bin ,bin ,bin ,pin ,
sô ,sô ,sô ,sô ,sô ,sô ,sô ,sô ,sô ,
hôhes ,hôhes ,vriges ,vriez ,vries ,hôhes ,vries ,hôhes ,vreies ,
m,mütes ,mütes ,mu,mvtes ,mv,mvtes ,m,,
,,,ͦ,,ͦ,,,,
tes ,,,tes ,,etes ,,tes ,muetes ,
v_209 ,v_209 ,v_209 ,v_210 ,,v_209 ,v_210 ,v_209 ,v_210 ,
daz ,daz ,daz ,daz ,,daz ,daz ,daz ,daz ,
,,,under ,,,under ,,under ,
,,,mîner ,,,mîner ,,mîner ,
,,,kronen ,,,krone ,,krone ,
,,,sint ,,,sint ,,sint ,
,,,v_209 ,v_209 ,,v_209 ,,v_209 ,
keiser ,keiser ,keiser ,keiser ,keiser ,keiser ,keiser ,keiser ,keiser ,
und ,und ,und ,unde ,unde ,und ,und ,und ,und ,
küniges ,küniges ,küniges ,küniges ,küniges ,küniges ,küniges ,küniges ,küniges ,
kint ,kint ,kint ,kint ,kint ,kint ,kint ,kint ,kint ,
v_210 ,v_210 ,v_210 ,,v_210 ,v_210 ,,v_210 ,,
,,,,daz ,alle ,,,,
under ,under ,under ,,under ,under ,,under ,,
mîner ,mîn ,mîner ,,mîner ,mîner ,,mînen ,,
krone ,krone ,krone ,,krone ,krone ,,kronen ,,
sint ,sint ,sint ,,sint ,sint ,,sint ,,
v_211 ,v_211 ,v_211 ,v_211 ,v_211 ,v_211 ,v_211 ,v_211 ,v_211 ,
graven ,graven ,graven ,graven ,graven ,graven ,graven ,graven ,graven ,
vrîen ,vrîen ,vrîen ,vrîen ,vrîen ,vrîen ,vrîen ,vrîen ,vrîen ,
und ,und ,,,,und ,,und ,,
herzogen ,herzogen ,herzogen ,herzogen ,herzogen ,herzogen ,herzogen ,herzogen ,herzogen ,
v_212 ,v_212 ,v_212 ,v_212 ,v_212 ,v_212 ,v_212 ,v_212 ,v_212 ,
die ,,die ,,,die ,,,,
habent ,hant ,hant ,hant ,habent ,habent ,haben ,habent ,habent ,
mir ,mir ,mir ,mir ,mir ,mir ,mir ,mir ,mir ,
ir ,die ,ir ,ire ,ir ,ir ,ir ,ir ,ir ,
knie ,knie ,kint ,knie ,knie ,knie ,knie ,knie ,knie ,
gebogen ,gebogen ,gegeben ,gebogen ,gebogen ,gebogen ,gebogen ,gebogen ,gebogen ,
v_213 ,v_213 ,v_213 ,v_213 ,v_213 ,v_213 ,v_213 ,v_213 ,v_213 ,
unde ,und ,und ,und ,und ,und ,und ,und ,und ,
leistent ,leisten ,leistent ,leistent ,leistent ,leistent ,leistent ,leisten ,leistent ,
alle ,alle ,alle ,alle ,alle ,alle ,alle ,alle ,alle ,
mîn ,mîn ,mîn ,mîn ,mîn ,mîn ,mîn ,mîne ,mîn ,
gebot ,gebot ,gebot ,gebot ,gebot ,gebot ,gebot ,gebot ,gebot ,
v_214 ,v_214 ,v_214 ,v_214 ,v_214 ,v_214 ,v_214 ,v_214 ,v_214 ,
ich ,ich ,ich ,ich ,ich ,ich ,ich ,ich ,ich ,
ervürhte ,vürhte ,vürhte ,envürhte ,vürhte ,envürhte ,vürhte ,vürhte ,vürhte ,
nieman ,nieman ,nieman ,nieman ,nieman ,nieman ,nieman ,nieman ,nieman ,
ane ,ane ,ane ,ane ,ane ,wan ,ane ,wan ,ane ,
got ,got ,got ,got ,got ,got ,got ,got ,got ,
v_215 ,v_215 ,v_215 ,v_215 ,v_215 ,v_215 ,v_215 ,v_215 ,v_215 ,
der ,der ,der ,der ,der ,der ,der ,der ,der ,
ist ,ist ,ist ,ist ,ist ,ist ,ist ,ist ,ist ,
gewaltic ,gewaltic ,gewaltic ,gewaltic ,gewaltic ,gewaltic ,gewaltic ,gewaltic ,gewaltic ,
über ,über ,über ,über ,über ,über ,über ,über ,über ,
mich ,mich ,mich ,mich ,mich ,mich ,mich ,mich ,mich ,
v_216 ,v_216 ,v_216 ,v_216 ,v_216 ,v_216 ,v_216 ,v_216 ,v_216 ,
diu ,diu ,diu ,diu ,diu ,diu ,diu ,diu ,diu ,
werlt ,werlt ,werlt ,werlt ,werlt ,werlt ,werlt ,werlt ,werlt ,
,,geheizen ,,,,,,,
bin ,bin ,bin ,bin ,bin ,bin ,bin ,bin ,bin ,
geheizen ,geheizen ,,geheizen ,geheizen ,geheizen ,geheizen ,geheizen ,genant ,
ich ,ich ,ich ,ich ,ich ,ich ,ich ,ich ,ich ,
v_217 ,v_217 ,v_217 ,v_217 ,v_217 ,v_217 ,v_217 ,v_217 ,v_217 ,
der ,der ,der ,der ,der ,der ,der ,der ,der ,
du ,du ,du ,du ,du ,du ,du ,du ,du ,
nun ,,nun ,nun ,nun ,nun ,nun ,nun ,nun ,
lange ,lange ,lange ,lange ,lange ,lange ,lange ,lange ,lange ,
,,,,,,,,gedienet ,
hast ,hast ,hast ,hast ,hast ,hast ,hast ,hast ,hast ,
,,,,,,,,und ,
gegert ,gegert ,begert ,gegert ,gegert ,gegert ,gegert ,gegert ,gegert ,
v_218 ,v_218 ,v_218 ,v_218 ,v_218 ,v_218 ,v_218 ,v_218 ,v_218 ,
lônes ,lônes ,lônes ,lônes ,lônes ,lônes ,lônes ,lônes ,lônes ,
solt ,solt ,solt ,solt ,solt ,solt ,solt ,solt ,solt ,
du ,du ,du ,du ,du ,du ,du ,du ,du ,
sîn ,sîn ,sîn ,sîn ,sîn ,sîn ,sîn ,sîn ,sîn ,
gewert ,gewert ,gewert ,gewert ,gewert ,gewert ,gewert ,gewert ,gewert ,
v_219 ,v_219 ,v_219 ,v_219 ,v_219 ,v_219 ,v_219 ,v_219 ,v_219 ,
an ,von ,von ,von ,von ,an ,von ,von ,von ,
mir ,mir ,mir ,mir ,mir ,mir ,mir ,mir ,mir ,
als ,als ,als ,als ,als ,als ,als ,als ,als ,
ich ,ich ,ich ,ich ,ich ,ich ,ich ,ich ,ich ,
die ,dir ,dir ,dir ,dir ,dir ,dir ,dir ,dir ,
zeige ,sage ,zeige ,zeigen ,zeige ,zeige ,zeige ,zeige ,zeige ,
,,,will ,,,,,,
nun ,nun ,nun ,nun ,nun ,nun ,nun ,,nun ,
v_220 ,v_220 ,v_220 ,v_220 ,v_220 ,v_220 ,v_220 ,v_220 ,v_220 ,
nun ,wie ,wie ,hier ,hier ,nun ,hie ,und ,hier ,
komt ,,guot ,kome ,kome ,komt ,kome ,vrümt ,kome ,
er ,ich ,der ,ich ,ich ,ez ,ich ,er ,ich ,
dir ,dir ,sei ,dir ,dir ,dir ,dir ,dir ,dir ,
,kome ,,,,,,,,
nun ,daz ,daz ,nun ,daz ,nun ,daz ,daz ,daz ,
schouwe ,schouwe ,schouwe ,schouwe ,schouwe ,schouwe ,schouwe ,,schouwe ,
du ,du ,du ,du ,du ,du ,du ,wizze ,du ,
v_221 ,v_221 ,v_221 ,v_221 ,v_221 ,v_221 ,v_221 ,v_221 ,v_221 ,
,sust ,sust ,dô ,dô ,sust ,da ,sust ,dô ,
,kert ,kert ,kert ,kert ,kert ,kert ,kerte ,kert ,
,sie ,sie ,sie ,sie ,sie ,sie ,sie ,sie ,
,im ,im ,im ,im ,im ,im ,im ,im ,
,den ,den ,den ,den ,den ,den ,den ,den ,
,rucke ,rucken ,rucke ,rucke ,rucken ,rucke ,rucken ,rucke ,
,dar ,dar ,dar ,dar ,dar ,dar ,dar ,dar ,
v_222 ,v_222 ,v_222 ,v_222 ,v_222 ,v_222 ,v_222 ,v_222 ,v_222 ,
,der ,der ,der ,der ,der ,der ,der ,der ,
,waz ,waz ,waz ,waz ,waz ,waz ,waz ,waz ,
,im ,in ,an ,in ,in ,in ,in ,in ,
,aller ,allen ,allen ,allen ,allen ,allen ,allen ,allen ,
,,enden ,orten ,orten ,enden ,orten ,enden ,orten ,
,gar ,gar ,gar ,gar ,gar ,gar ,gar ,gar ,
v_223 ,v_223 ,v_223 ,v_223 ,v_223 ,v_223 ,v_223 ,v_223 ,v_223 ,
,bedecket ,bestecket ,bedecket ,bestecket ,bestecket ,bestecket ,bestecket ,bestecket ,
,,,,,,,,unf ,
,und ,und ,und ,unde ,und ,und ,und ,und ,
,behangen ,behangen ,behangen ,behangen ,behangen ,behangen ,behangen ,behangen ,
v_224 ,v_224 ,v_224 ,v_224 ,v_224 ,v_224 ,v_224 ,v_224 ,v_224 ,
,mit ,mit ,mit ,mit ,mit ,mit ,mit ,mit ,
,ungevüegen ,ungevüegen ,ungefugen ,ungevüegen ,ungevüegen ,ungevüegen ,natern ,ungevüegen ,
,,,,,,,und ,,
,,,,,,,mit ,,
,slangen ,slangen ,slangen ,slangen ,slangen ,slangen ,slangen ,slangen ,
v_225 ,v_225 ,v_225 ,v_225 ,v_225 ,v_225 ,v_225 ,v_225 ,v_225 ,
,mit ,mit ,mit ,mit ,,mit ,mit ,mit ,
,krotten ,krotten ,krotten ,krotten ,krotten ,krotten ,krotten ,krotten ,
,und ,und ,und ,und ,unde ,und ,und ,und ,
,mit ,natern ,mit ,mit ,,mit ,mit ,mit ,
,nattern ,natern ,natern ,natern ,natern ,natern ,natern ,natern ,
v_226 ,v_226 ,v_226 ,v_226 ,v_226 ,v_226 ,v_226 ,v_226 ,v_226 ,
,ir ,ir ,ir ,ir ,ir ,ir ,ir ,ir ,
,lîp ,lîp ,lîp ,lîp ,lîp ,lîp ,lîp ,lîp ,
,waz ,waz ,waz ,waz ,waz ,waz ,waz ,waz ,
,volle ,volle ,volle ,voller ,voller ,vollen ,vollen ,voller ,
,blattern ,blattern ,blattern ,blattern ,blattern ,blattern ,blattern ,blattern ,
v_227 ,v_227 ,v_227 ,v_227 ,v_227 ,v_227 ,v_227 ,v_227 ,v_227 ,
,und ,und ,und ,und ,und ,und ,und ,und ,
,,,,von ,,,,von ,
,ungevüeger ,ungevüeger ,ungevüeger ,ungevüegen ,ungevüeger ,ungevüegen ,ungevüeger ,ungevüegen ,
,eides ,eizen ,eizen ,eizen ,eizen ,eizen ,eizen ,eizen ,
v_228 ,v_228 ,v_228 ,v_228 ,v_228 ,v_228 ,v_228 ,v_228 ,v_228 ,
,vliegen ,vliegen ,wurm ,vliegen ,vliegen ,vliegen ,vliegen ,vliegen ,
,und ,und ,und ,und ,und ,und ,und ,und ,
,emes ,âmeizen ,âmeizen ,âmeizen ,âmeizen ,âmeizen ,âmeizen ,âmeizen ,
v_229 ,v_229 ,v_229 ,v_229 ,v_229 ,v_229 ,v_229 ,v_229 ,v_229 ,
,,,,,,,linwunder ,,
,ein ,ein ,ein ,ein ,ein ,ein ,ein ,ein ,
,,,,,,,,michel ,
,wunder ,wunder ,wunder ,wunder ,wunder ,wunder ,wunder ,wunder ,
,darin ,darin ,darin ,,darin ,,darin ,,
,sâzen ,sâzen ,sâzen ,sâzen ,sâzen ,sâzen ,sâzen ,sâzen ,
v_230 ,v_230 ,v_230 ,v_230 ,v_230 ,v_230 ,v_230 ,v_230 ,v_230 ,
,ir ,iren ,ir ,ir ,ir ,ir ,ir ,ir ,
,vleisch ,lîp ,vleisch ,vleisch ,vleisch ,vleisch ,fleisch ,vleisch ,
,die ,die ,die ,die ,die ,die ,die ,die ,
,maden ,maden ,maden ,maden ,maden ,maden ,maden ,maden ,
,âzen ,âzen ,âzen ,âzen ,âzen ,âzen ,âzen ,âzen ,
v_231 ,v_231 ,v_231 ,v_231 ,v_231 ,v_231 ,v_231 ,v_231 ,v_231 ,
,vil ,untz ,untz ,biz ,untz ,biz ,biz ,untz ,
,gar ,,,,,,,,
,ûf ,an ,an ,an ,ûf ,an ,ûf ,an ,
,daz ,daz ,daz ,daz ,daz ,daz ,daz ,daz ,
,gebeine ,gebeine ,gebeine ,gebeine ,gebeine ,gebeine ,gebeine ,gebeine ,
v_232 ,v_232 ,v_232 ,v_232 ,v_232 ,v_232 ,v_232 ,v_232 ,v_232 ,
,sie ,sie ,sie ,sie ,sie ,sie ,sie ,sie ,
,waz ,waz ,waz ,waz ,waz ,waz ,waz ,waz ,
,sô ,sô ,sô ,sô ,sô ,sô ,sô ,sô ,
,gar ,gar ,gar ,gar ,gar ,gar ,gar ,gar ,
,unreine ,unreine ,unreine ,unreine ,unreine ,unreine ,unreine ,unreine ,
v_233 ,v_233 ,v_233 ,v_233 ,v_233 ,v_233 ,v_233 ,v_233 ,v_233 ,
,daz ,daz ,daz ,daz ,daz ,daz ,daz ,daz ,
,von ,von ,von ,von ,von ,von ,von ,von ,
,iren ,irem ,irem ,ir ,ir ,ir ,ir ,ir ,
,boesen ,blüemden ,,broeden ,bloeden ,broeden ,broeden ,broeden ,
,lîp ,lîp ,lîp ,lîp ,lîp ,lîp ,lîp ,lîp ,
,dranc ,dranc ,dranc ,dranc ,waz ,dranc ,dranc ,dranc ,
v_234 ,v_234 ,v_234 ,v_234 ,v_234 ,v_234 ,v_234 ,v_234 ,v_234 ,
,ein ,ein ,ein ,ein ,ein ,ein ,ein ,ein ,
,alsô ,sô ,alsô ,alsô ,sô ,alsô ,sô ,alsô ,
,unvüeger ,engestlicher ,engestlicher ,engestlicher ,engestlicher ,engestlicher ,engestlicher ,engestlicher ,
,stanc ,stanc ,stanc ,stanc ,smac ,stanc ,stanc ,stanc ,
v_235 ,v_235 ,v_235 ,v_235 ,v_235 ,v_235 ,v_235 ,v_235 ,v_235 ,
,den ,den ,den ,den ,den ,den ,,den ,
,nieman ,nieman ,nieman ,nieman ,nieman ,nieman ,,nieman ,
,maget ,konte ,mohte ,mohte ,kunde ,mohte ,,mohte ,
,erlîden ,erlîden ,erlîden ,erlîden ,erlîden ,erlîden ,,erlîden ,
v_236 ,v_236 ,v_236 ,v_236 ,v_236 ,v_236 ,v_236 ,v_236 ,v_236 ,
,ir ,ir ,ir ,ir ,ir ,ir ,,ir ,
,lîhtez ,rîchez ,rîchez ,rîchez ,rîchez ,rîchez ,,rîchez ,
,kleit ,kleit ,kleit ,kleit ,kleit ,kleit ,,kleit ,
,von ,von ,von ,von ,von ,von ,,von ,
,sîden ,sîden ,sîden ,sîden ,sîden ,sîden ,,sîden ,
v_237 ,v_237 ,v_237 ,v_237 ,v_237 ,v_237 ,v_237 ,v_237 ,v_237 ,
,,wart ,wart ,wart ,,wart ,,wart ,
,vil ,vil ,,,,,,,
,ubel ,ubel ,ubel ,ubel ,,ubel ,,ubel ,
,wart ,,da ,da ,,da ,,da ,
,gehandelt ,gehandelt ,gehandelt ,gehandelt ,,gehandelt ,,gehandelt ,
v_238 ,v_238 ,v_238 ,v_238 ,v_238 ,v_238 ,v_238 ,v_238 ,v_238 ,
,ez ,und ,und ,unde ,,und ,,und ,
,wart ,wart ,,,,,,,
,aldô ,vil ,ubele ,schier ,,schier ,,schier ,
,,gar ,da ,,,,,da ,
,verwandelt ,verwandelt ,gewandelt ,verwandelt ,,verwandelt ,,verwandelt ,
v_239 ,v_239 ,v_239 ,v_239 ,v_239 ,v_239 ,v_239 ,v_239 ,v_239 ,
,in ,in ,in ,in ,,in ,,in ,
,ein ,ein ,ein ,ein ,,ein ,,ein ,
,,vil ,boeses ,boeser ,,boeser ,,boeses ,
,swachez ,swarzes ,aschen ,ascher ,,ascher ,,aschen ,
,tüechelîn ,tüechelîn ,tüechelîn ,tüechelîn ,,tüechelîn ,,tüechelîn ,
v_240 ,v_240 ,v_240 ,v_240 ,v_240 ,v_240 ,v_240 ,v_240 ,v_240 ,
,ir ,ir ,ir ,ir ,,ir ,,ir ,
,,,minneclicher ,minneclicher ,,minneclicher ,,minneclicher ,
,lîhter ,lîhter ,lîhter ,lîhter ,,lîhter ,,lîhter ,
,wünnebernde ,wunneclicher ,,,,,,,
,schîn ,schîn ,schîn ,schîn ,,schîn ,,schîn ,
v_241 ,v_241 ,v_241 ,v_241 ,v_241 ,v_241 ,v_241 ,v_241 ,v_241 ,
,wart ,wart ,er ,er ,waz ,er ,,er ,
,bleich ,,stinket ,stinket ,,stinket ,,stinket ,
,und ,vil ,und ,und ,vil ,und ,,und ,
,,jâmerlich ,waz ,ist ,jâmerlich ,ist ,,ist ,
,missevar ,gevar ,missevar ,missevar ,gevar ,missevar ,,missevar ,
v_242 ,v_242 ,v_242 ,v_242 ,v_242 ,v_242 ,v_242 ,v_242 ,v_242 ,
,reht ,bleich ,reht ,reht ,bleich ,reht ,,reht ,
,alsam ,als ,als ,alsam ,als ,alsam ,,alsam ,
,ein ,ein ,ein ,ein ,ein ,ein ,,ein ,
,asche ,asche ,asche ,asche ,asche ,asche ,,asche ,
,gar ,gar ,gar ,gar ,gar ,gar ,,gar ,
v_243 ,v_243 ,v_243 ,v_243 ,v_243 ,v_243 ,v_243 ,v_243 ,v_243 ,
,,waz ,,,,,,,
,,sie ,,,,,,,
,,und ,,,,,,,
,,gar ,,,,,,,
,,ungetan ,,,,,,,
v_244 ,v_244 ,v_244 ,v_244 ,v_244 ,v_244 ,v_244 ,v_244 ,v_244 ,
,,daz ,,,,,,,
,,sei ,,,,,,,
,,iuch ,,,,,,,
,,allen ,,,,,,,
,,kunt ,,,,,,,
,,getan ,,,,,,,
v_245 ,v_245 ,v_245 ,v_245 ,v_245 ,v_245 ,v_245 ,v_245 ,v_245 ,
,hier ,hie ,da ,da ,hie ,da ,,dô ,
,mit ,mit ,mit ,mit ,mit ,mit ,,mit ,
,schiet ,schiet ,schiet ,schiet ,schiet ,schiet ,,schiet ,
,sie ,sie ,sie ,sie ,sie ,sie ,,sie ,
,von ,von ,von ,von ,,von ,,von ,
,dannen ,dannen ,dannen ,dannen ,dannen ,dannen ,,dannen ,
v_246 ,v_246 ,v_246 ,v_246 ,v_246 ,v_246 ,v_246 ,v_246 ,v_246 ,
,da ,daz ,daz ,daz ,daz ,daz ,,daz ,
,,,,,,,,sei ,
,sie ,sie ,sie ,sie ,sie ,sie ,,sie ,
,von ,von ,von ,vor ,vor ,vor ,,vor ,
,mir ,mir ,mir ,mir ,mir ,,,mir ,
,verbannen ,verbannen ,verbannen ,verbannen ,verbannen ,verbannen ,,verbannen ,
v_247 ,v_247 ,v_247 ,v_247 ,v_247 ,v_247 ,v_247 ,v_247 ,v_247 ,
,und ,und ,und ,und ,und ,und ,,,
,,,von ,vor ,all ,vor ,,vor ,
,aller ,aller ,aller ,aller ,der ,aller ,,aller ,
,kristenheit ,kristenheit ,kristenheit ,kristenheit ,kristenheit ,kristenheit ,,kristenheit ,
,sei ,sei ,sie ,sei ,sei ,sei ,,sei ,
v_248 ,v_248 ,v_248 ,v_248 ,v_248 ,v_248 ,v_248 ,v_248 ,v_248 ,
,der ,der ,der ,der ,der ,der ,,der ,
,ritter ,ritter ,ritter ,ritter ,ritter ,ritter ,,ritter ,
,edel ,edel ,edel ,edel ,edel ,edel ,,edel ,
,und ,und ,unde ,unde ,und ,und ,,und ,
,vrî ,vrî ,vrî ,vrî ,vrî ,vrî ,,vrî ,
v_249 ,v_249 ,v_249 ,v_249 ,v_249 ,v_249 ,v_249 ,v_249 ,v_249 ,
,als ,dô ,dô ,dô ,dô ,dô ,,dô ,
,er ,er ,der ,der ,der ,der ,,der ,
,daz ,dise ,dise ,dise ,dise ,dise ,,dise ,
,wunder ,wunder ,wunder ,wunder ,wunder ,wunder ,,wunder ,
,ansach ,ansach ,ansach ,ansach ,ansach ,ansach ,,ansach ,
v_250 ,v_250 ,v_250 ,v_250 ,v_250 ,v_250 ,v_250 ,v_250 ,v_250 ,
,zehant ,zehant ,nun ,nun ,zehant ,nun ,,nun ,
,sîn ,sîn ,muget ,muget ,sîn ,muget ,,muoget ,
,herze ,herze ,ir ,ir ,herze ,ir ,,ir ,
,im ,im ,hoeren ,hoeren ,im ,hoeren ,,hoeren ,
,daz ,daz ,wie ,wie ,des ,wie ,,wie ,
,,,er ,er ,,er ,,er ,
,verjach ,verjach ,sprach ,sprach ,verjach ,sprach ,,sprach ,
v_251 ,v_251 ,v_251 ,v_251 ,v_251 ,v_251 ,v_251 ,v_251 ,v_251 ,
,,,ja ,,,,,,
,,,muos ,,,,,,
,er ,er ,er ,er ,er ,er ,,er ,
,wurde ,wurde ,,muost ,waere ,muost ,,muost ,
,gar ,gar ,sîn ,sîn ,gar ,sîn ,,sîn ,
,verwâzen ,verwâzen ,verwâzen ,verwâzen ,verwâzen ,verwâzen ,,verwâzen ,
v_252 ,v_252 ,v_252 ,v_252 ,v_252 ,v_252 ,v_252 ,v_252 ,v_252 ,
,und ,,,,,,,,
,wer ,wer ,wer ,der ,swer ,der ,,der ,
,sich ,sich ,sich ,sich ,sich ,sich ,,sie ,
,vinden ,,nun ,nun ,,nun ,,nun ,
,wolt ,wolte ,wolte ,wolte ,wolte ,wolte ,,wolte ,
,lâzen ,lâzen ,lâzen ,lâzen ,lâzen ,lâzen ,,lâzen ,
v_253 ,v_253 ,v_253 ,v_253 ,v_253 ,v_253 ,v_253 ,v_253 ,v_253 ,
,an ,in ,an ,an ,an ,an ,,an ,
,iren ,ir ,dînem ,dînem ,ir ,dînem ,,einem ,
,dienst ,dienste ,dienste ,dienst ,dienste ,dienst ,,dienst ,
,vinden ,vinden ,vinden ,vinden ,vinden ,vinden ,,vinden ,
v_254 ,v_254 ,v_254 ,v_254 ,v_254 ,v_254 ,v_254 ,v_254 ,v_254 ,
,von ,von ,von ,von ,von ,von ,,von ,
,wîben ,wîp ,wîben ,wîben ,wîben ,wîben ,,wîben ,
,und ,und ,und ,und ,und ,und ,,und ,
,von ,von ,von ,von ,von ,von ,,von ,
,kinden ,kinden ,kinden ,kinden ,kinden ,kinden ,,kinden ,
v_255 ,v_255 ,v_255 ,v_255 ,v_255 ,v_255 ,v_255 ,v_255 ,v_255 ,
,schiet ,schiet ,schiet ,schiet ,schiet ,schiet ,,schiet ,
,er ,er ,er ,er ,er ,er ,,er ,
,dô ,sich ,sich ,da ,sich ,da ,,da ,
,,alda ,sô ,,alda ,,,,
,zehant ,zehant ,zehant ,zehant ,zehant ,zehant ,,zehant ,
v_256 ,v_256 ,v_256 ,v_256 ,v_256 ,v_256 ,v_256 ,v_256 ,v_256 ,
,und ,und ,er ,er ,er ,er ,,er ,
,nam ,nam ,nam ,nam ,nam ,nam ,,nam ,
,daz ,daz ,daz ,daz ,daz ,daz ,,daz ,
,kriuz ,kriuz ,kriuz ,kriuz ,kriuz ,kriuz ,,kriuz ,
,an ,an ,an ,an ,an ,an ,,in ,
,sîn ,sîn ,sîn ,sîn ,sîn ,sîn ,,die ,
,gewant ,gewant ,gewant ,gewant ,gewant ,gewant ,,hant ,
v_257 ,v_257 ,v_257 ,v_257 ,v_257 ,v_257 ,v_257 ,v_257 ,v_257 ,
,und ,und ,und ,er ,und ,er ,,er ,
,vuorte ,hüb ,vuorte ,vuorte ,hüb ,vuorte ,,vuorte ,
,,sich ,hin ,hin ,sich ,hin ,,hin ,
,über ,uber ,über ,über ,über ,über ,,über ,
,daz ,daz ,daz ,daz ,daz ,daz ,,daz ,
,wilde ,wilde ,wilde ,wilde ,wilde ,wilde ,,wilde ,
,mer ,mer ,mer ,mer ,mer ,mer ,,mer ,
v_258 ,v_258 ,v_258 ,v_258 ,v_258 ,v_258 ,v_258 ,v_258 ,v_258 ,
,und ,und ,und ,und ,und ,und ,,und ,
,half ,half ,half ,half ,half ,half ,,half ,
,dem ,dem ,dem ,dem ,dem ,dem ,,dem ,
,edel ,edelen ,edelen ,edelen ,edelen ,edelen ,,edelen ,
,gotez ,gotez ,gotez ,gotez ,gotez ,gotez ,,gotez ,
,her ,her ,her ,her ,her ,her ,,her ,
v_259 ,v_259 ,v_259 ,v_259 ,v_259 ,v_259 ,v_259 ,v_259 ,v_259 ,
strîten ,strîten ,strîten ,strîten ,strîten ,strîten ,strîten ,,strîten ,
an ,an ,an ,an ,an ,an ,an ,,an ,
die ,die ,die ,die ,die ,die ,die ,,die ,
heidenschaft ,heidenschaft ,heidenschaft ,heidenschaft ,heidenschaft ,heidenschaft ,heidenschaft ,,heidenschaft ,
v_260 ,v_260 ,v_260 ,v_260 ,v_260 ,v_260 ,v_260 ,v_260 ,v_260 ,
da ,dô ,dô ,dô ,dô ,da ,da ,,dô ,
wart ,wart ,wart ,wart ,wart ,wart ,wart ,,wart ,
der ,der ,der ,der ,der ,der ,der ,,der ,
ritter ,herre ,ritter ,herre ,,ritter ,,,,
tugenthaft ,tugenthaft ,tugenthaft ,tugenthaft ,tugenthaft ,tugenthaft ,tugenthaft ,,tugenthaft ,
v_261 ,v_261 ,v_261 ,v_261 ,v_261 ,v_261 ,v_261 ,v_261 ,v_261 ,
an ,von ,an ,an ,an ,an ,an ,,an ,
staeter ,staeter ,staeter ,staeten ,staeten ,staeter ,staeten ,,staeter ,
buoze ,buoze ,buoze ,buozen ,buozen ,buoze ,buozen ,,buoze ,
vunden ,vunden ,vunden ,vunden ,vunden ,vunden ,vunden ,,vunden ,
v_262 ,v_262 ,v_262 ,v_262 ,v_262 ,v_262 ,v_262 ,v_262 ,v_262 ,
er ,und ,und ,er ,er ,er ,er ,,er ,
schuof ,schuof ,schuof ,warp ,warp ,schuof ,warp ,,wart ,
daz ,,,,dort ,daz ,dort ,,dort ,
zuo ,zuo ,zuo ,zuo ,zuo ,zuo ,zuo ,,zuo ,
allen ,allen ,allen ,allen ,allen ,allen ,allen ,,zaller ,
,stunden ,stunden ,stunden ,stunden ,stunden ,stunden ,,stunden ,
v_263 ,v_263 ,v_263 ,v_263 ,v_263 ,v_263 ,v_263 ,v_263 ,v_263 ,
dô ,da ,dô ,da ,dô ,dô ,da ,,dô ,
im ,im ,im ,im ,im ,im ,im ,,im ,
der ,der ,der ,der ,der ,der ,der ,,der ,
lîp ,lîp ,lîp ,lîp ,lîp ,lîp ,lîp ,,lîp ,
erstorben ,erstorben ,erstorben ,erstorben ,erstorben ,erstorben ,erstorben ,,erstorben ,
waz ,waz ,waz ,waz ,waz ,waz ,waz ,,waz ,
v_264 ,v_264 ,v_264 ,v_264 ,v_264 ,v_264 ,v_264 ,v_264 ,v_264 ,
saz ,daz ,daz ,daz ,daz ,daz ,daz ,,daz ,
im ,im ,im ,im ,im ,im ,im ,,im ,
,,,doch ,,,,,,
diu ,diu ,diu ,diu ,diu ,diu ,diu ,,diu ,
sele ,sele ,sele ,sele ,sele ,sele ,sele ,,sele ,
dort ,dort ,dort ,,doch ,dort ,doch ,,doch ,
genaz ,genaz ,genaz ,genaz ,genaz ,genaz ,genaz ,,genaz ,
v_265 ,v_265 ,v_265 ,v_265 ,v_265 ,v_265 ,v_265 ,v_265 ,v_265 ,
nun ,nun ,nun ,nun ,nun ,nun ,nun ,,nun ,
merkent ,merkent ,merkent ,merkent ,merket ,mercket ,merket ,,merket ,
alle ,alle ,alle ,alle ,alle ,alle ,alle ,,alle ,
die ,die ,die ,die ,die ,die ,die ,,die ,
nun ,nun ,nun ,nun ,nun ,nun ,nun ,,nun ,
sint ,sint ,sint ,sint ,sint ,sint ,sint ,,sint ,
v_266 ,v_266 ,v_266 ,v_266 ,v_266 ,v_266 ,v_266 ,v_266 ,v_266 ,
dieser ,diser ,diser ,diser ,diser ,diser ,diser ,,diser ,
wilden ,wilden ,wilden ,wilde ,wilden ,wilden ,wilden ,,wilden ,
werlt ,werlt ,werlt ,werlt ,werlt ,werlt ,werlt ,,werlt ,
kint ,kint ,kint ,kint ,kint ,kint ,kint ,,kint ,
v_267 ,v_267 ,v_267 ,v_267 ,v_267 ,v_267 ,v_267 ,v_267 ,v_267 ,
dise ,dise ,dise ,dise ,dise ,dise ,dise ,,dise ,
endehafte ,endehafte ,endehaft ,endehafte ,endehaft ,endehafte ,endehafte ,,endehaft ,
maere ,maere ,maere ,maere ,maere ,maere ,maere ,,maere ,
v_268 ,v_268 ,v_268 ,v_268 ,v_268 ,v_268 ,v_268 ,v_268 ,v_268 ,
daz ,ez ,daz ,,ez ,daz ,ez ,,ez ,
ist ,ist ,ist ,ist ,ist ,ist ,ist ,,ist ,
alsô ,sô ,sô ,alsô ,alsô ,alsô ,alsô ,,alsô ,
gewaere ,gewaere ,gewaere ,gewaere ,gewaere ,gewaere ,gewaere ,,gewaere ,
v_269 ,v_269 ,v_269 ,v_269 ,v_269 ,v_269 ,v_269 ,v_269 ,v_269 ,
daz ,daz ,daz ,daz ,daz ,daz ,daz ,,daz ,
man ,man ,man ,man ,man ,man ,man ,,man ,
ez ,ez ,ez ,ez ,ez ,ez ,ez ,,ez ,
gerne ,gern ,gern ,gerne ,gerne ,gern ,gerne ,,gern ,
hoeren ,hoeren ,hoeren ,hoeren ,hoeren ,hoeren ,hoeren ,,hoeren ,
sol ,sol ,sol ,sol ,sol ,sol ,sol ,,sol ,
v_270 ,v_270 ,v_270 ,v_270 ,v_270 ,v_270 ,v_270 ,v_270 ,v_270 ,
der ,der ,der ,der ,der ,der ,der ,,der ,
waelte ,werlt ,werlt ,werlt ,werlt ,werlt ,werlt ,,werlt ,
lôn ,lôn ,lôn ,lop ,lôn ,lôn ,lôn ,,lôn ,
ist ,ist ,ist ,ist ,ist ,ist ,ist ,,ist ,
jamers ,jamers ,jamers ,jamers ,jamers ,jamers ,jamers ,,jamers ,
vol ,vol ,vol ,vol ,vol ,vol ,vol ,,vol ,
v_271 ,v_271 ,v_271 ,v_271 ,v_271 ,v_271 ,v_271 ,v_271 ,v_271 ,
da ,daz ,daz ,wir ,wir ,dc ,wir ,,wie ,
muogent ,hab ,hant ,haben ,hân ,muoget ,hân ,,hân ,
ir ,wir ,ir ,ez ,ez ,ir ,ez ,,ez ,
alle ,alle ,alle ,alle ,,alle ,,,,
hân ,wol ,wol ,wol ,wol ,hân ,wol ,,wol ,
vernomen ,vernomen ,vernomen ,vernomen ,vernomen ,vernomen ,vernomen ,,vernomen ,
v_272 ,v_272 ,v_272 ,v_272 ,v_272 ,v_272 ,v_272 ,v_272 ,v_272 ,
ich ,ich ,dez ,ouch ,ich ,ich ,ich ,,ich ,
bin ,bin ,bin ,bin ,bin ,bin ,bin ,,bin ,
ez ,sîn ,ich ,ich ,sîn ,sîn ,sîn ,,sîn ,
,,,selb ,,,,,,
an ,an ,ûf ,an ,an ,an ,an ,,an ,
ein ,ein ,ein ,ein ,ein ,ein ,ein ,,ein ,
ende ,ende ,ende ,ende ,ende ,ende ,ende ,,ende ,
komen ,komen ,komen ,komen ,komen ,komen ,komen ,,komen ,
v_273 ,v_273 ,v_273 ,v_273 ,v_273 ,v_273 ,v_273 ,v_273 ,v_273 ,
swer ,wer ,der ,wer ,swer ,swer ,swer ,,swer ,
an ,an ,in ,an ,an ,an ,an ,,an ,
ir ,iren ,ir ,irem ,ir ,ir ,ir ,,ir ,
dienst ,dienst ,dienst ,dienst ,dienst ,dienst ,dienst ,,dienst ,
vunden ,vunden ,vunden ,ervunden ,vunden ,vunden ,vunden ,,vunden ,
wirt ,wirt ,wirt ,wirt ,wirt ,wirt ,wirt ,,wirt ,
v_274 ,v_274 ,v_274 ,v_274 ,v_274 ,v_274 ,v_274 ,v_274 ,v_274 ,
daz ,daz ,daz ,daz ,daz ,daz ,daz ,,daz ,
in ,den ,in ,im ,in ,in ,in ,,im ,
diu ,diu ,diu ,diu ,die ,diu ,diu ,,diu ,
vröude ,vröude ,vröude ,vröude ,vröude ,vröude ,vröude ,,vröude ,
gar ,gar ,gar ,,gar ,gar ,gar ,,gar ,
verbirt ,verbirt ,verbirt ,verbirt ,verbirt ,verbirt ,verbirt ,,verbirt ,
v_275 ,v_275 ,v_275 ,v_275 ,v_275 ,v_275 ,v_275 ,v_275 ,v_275 ,
den ,die ,die ,die ,die ,die ,die ,,die ,
got ,got ,got ,got ,got ,got ,got ,,got ,
mit ,mit ,mit ,mit ,mit ,mit ,mit ,,mit ,
ganzer ,ganzer ,wender ,sîner ,sîner ,ganzer ,sîner ,,sîner ,
staetekeit ,staetekeit ,staetekeit ,staetekeit ,staetekeit ,staetekeit ,staetekeit ,,staetekeit ,
v_276 ,v_276 ,v_276 ,v_276 ,v_276 ,v_276 ,v_276 ,v_276 ,v_276 ,
den ,sîn ,den ,den ,den ,den ,den ,,den ,
ûzerwelten ,ûzerwelten ,ûzerwelten ,ûzerwelten ,ûzerwelten ,ûzerwelten ,ûzerwelten ,,ûzerwelten ,
hat ,hat ,hat ,hat ,hat ,hat ,hat ,,hat ,
bereit ,bereit ,bereit ,bereit ,bereit ,bereit ,bereit ,,bereit ,
v_277 ,v_277 ,v_277 ,v_277 ,v_277 ,v_277 ,v_277 ,v_277 ,v_277 ,
von ,,darumbe ,,,von ,,,,
Würtzburg ,,gib ,,,Würtzburg ,,,,
ich ,,ich ,,,ich ,,,,
Konrad ,,Konrad ,,,Konrad ,,,,
v_278 ,v_278 ,v_278 ,v_278 ,v_278 ,v_278 ,v_278 ,v_278 ,v_278 ,
gip ,,von ,,,gip ,,,,
,,Würztburg ,,,,,,,
iuch ,,iuch ,,,iuch ,,,,
allen ,,,,,allen ,,,,
disen ,,disen ,,,disen ,,,,
rat ,,rat ,,,rat ,,,,
v_279 ,v_279 ,v_279 ,v_279 ,v_279 ,v_279 ,v_279 ,v_279 ,v_279 ,
daz ,,,,,daz ,,,,
ir ,,,,,ir ,,,,
diu ,,diu ,,,diu ,,,,
werlt ,,dise ,,,werlt ,,,,
lazent ,,gerihten ,,,lazet ,,,,
,,hoerent ,,,,,,,
varn ,,lesen ,,,varn ,,,,
v_280 ,v_280 ,v_280 ,v_280 ,v_280 ,v_280 ,v_280 ,v_280 ,v_280 ,
wellent ,,daz ,,,wellet ,,,,
ir ,,sie ,,,ir ,,,,
diu ,,der ,,,diu ,,,,
sele ,,werlt ,,,sele ,,,,
,,vigent ,,,,,,,
bewarn ,,wesen ,,,bewarn ,,,,
v_281 ,v_281 ,v_281 ,v_281 ,v_281 ,v_281 ,v_281 ,v_281 ,v_281 ,
,,und ,,,,,,,
,,got ,,,,,,,
,,den ,,,,,,,
,,werden ,,,,,,,
,,minne ,,,,,,,
v_282 ,v_282 ,v_282 ,v_282 ,v_282 ,v_282 ,v_282 ,v_282 ,v_282 ,
,,mit ,,,,,,,
,,herzen ,,,,,,,
,,und ,,,,,,,
,,mit ,,,,,,,
,,sinne ,,,,,,,
v_283 ,v_283 ,v_283 ,v_283 ,v_283 ,v_283 ,v_283 ,v_283 ,v_283 ,
,,sô ,,,,,,,
,,mac ,,,,,,,
,,diu ,,,,,,,
,,sele ,,,,,,,
,,dort ,,,,,,,
,,genesen ,,,,,,,
v_284 ,v_284 ,v_284 ,v_284 ,v_284 ,v_284 ,v_284 ,v_284 ,v_284 ,
,,und ,,,,,,,
,,dester ,,,,,,,
,,baz ,,,,,,,
,,ane ,,,,,,,
,,sünde ,,,,,,,
,,wesen ,,,,,,,
v_285 ,v_285 ,v_285 ,v_285 ,v_285 ,v_285 ,v_285 ,v_285 ,v_285 ,
,,wann ,,,,,,,
,,an ,,,,,,,
,,der ,,,,,,,
,,werlt ,,,,,,,
,,lit ,,,,,,,
,,anders ,,,,,,,
,,niht ,,,,,,,
v_286 ,v_286 ,v_286 ,v_286 ,v_286 ,v_286 ,v_286 ,v_286 ,v_286 ,
v_287 ,v_287 ,dann ,v_287 ,v_287 ,v_287 ,v_287 ,v_287 ,v_287 ,
,,ein ,,,,,,,
,,boese ,,,,,,,
,,zuversiht ,,,,,,,
v_288 ,v_288 ,v_288 ,v_288 ,v_288 ,v_288 ,v_288 ,v_288 ,v_288 ,
,,zuo ,,,,,,,
,,jungest ,,,,,,,
,,daz ,,,,,,,
,,sei ,,,,,,,
,,iuch ,,,,,,,
,,geseit ,,,,,,,
v_289 ,v_289 ,v_289 ,v_289 ,v_289 ,v_289 ,v_289 ,v_289 ,v_289 ,
,,und ,,,,,,,
,,sô ,,,,,,,
,,gar ,,,,,,,
,,vergezen ,,,,,,,
v_290 ,v_290 ,v_290 ,v_290 ,v_290 ,v_290 ,v_290 ,v_290 ,v_290 ,
,,wer ,,,,,,,
,,mit ,,,,,,,
,,ir ,,,,,,,
,,ist ,,,,,,,
,,besezen ,,,,,,,
v_291 ,v_291 ,v_291 ,v_291 ,v_291 ,v_291 ,v_291 ,v_291 ,v_291 ,
,,der ,,,,,,,
,,gevachet ,,,,,,,
,,swachen ,,,,,,,
,,lôn ,,,,,,,
v_292 ,v_292 ,v_292 ,v_292 ,v_292 ,v_292 ,v_292 ,v_292 ,v_292 ,
,,dez ,,,,,,,
,,muoz ,,,,,,,
,,er ,,,,,,,
,,doch ,,,,,,,
,,zuo ,,,,,,,
,,himel ,,,,,,,
,,schon ,,,,,,,
v_293 ,v_293 ,v_293 ,v_293 ,v_293 ,v_293 ,v_293 ,v_293 ,v_293 ,
,,sîn ,,,,,,,
,,ewikeit ,,,,,,,
,,besitzen ,,,,,,,
v_294 ,v_294 ,v_294 ,v_294 ,v_294 ,v_294 ,v_294 ,v_294 ,v_294 ,
,,dez ,,,,,,,
,,schouwent ,,,,,,,
,,gar ,,,,,,,
,,mit ,,,,,,,
,,witzen ,,,,,,,
v_295 ,v_295 ,v_295 ,v_295 ,v_295 ,v_295 ,v_295 ,v_295 ,v_295 ,
,,daz ,,,,,,,
,,ir ,,,,,,,
,,vuogent ,,,,,,,
,,iuwer ,,,,,,,
,,arbeit ,,,,,,,
v_296 ,v_296 ,v_296 ,v_296 ,v_296 ,v_296 ,v_296 ,v_296 ,v_296 ,
,,zuo ,,,,,,,
,,rechter ,,,,,,,
,,staeter ,,,,,,,
,,ewikeit ,,,,,,,
v_297 ,v_297 ,v_297 ,v_297 ,v_297 ,v_297 ,v_297 ,v_297 ,v_297 ,
,,und ,,,,,,,
,,lant ,,,,,,,
,,die ,,,,,,,
,,werlt ,,,,,,,
,,verderben ,,,,,,,
v_298 ,v_298 ,v_298 ,v_298 ,v_298 ,v_298 ,v_298 ,v_298 ,v_298 ,
,,sô ,,,,,,,
,,muogent ,,,,,,,
,,ir ,,,,,,,
,,gotez ,,,,,,,
,,hulde ,,,,,,,
,,erwerben ,,,,,,,
,,v_287 ,,,,,,,
,,und ,,,,,,,
,,wirt ,,,,,,,
,,verloren ,,,,,,,
,,die ,,,,,,,
,,arbait ,,,,,,,
